url,y
https://www.youtube.com/shorts/xKPYSGtg2ao,y
https://www.youtube.com/shorts/ZtfqjjyQ6E0,y
https://www.youtube.com/shorts/_LtgMsBi29Q,y
https://www.youtube.com/shorts/Ms9EIbjo5zw,y
https://www.youtube.com/shorts/B_qWxJnQ7ts,y
https://www.youtube.com/shorts/LBPpjzwmIbw,y
https://www.youtube.com/shorts/dEmXjT8rqL8,y
https://www.youtube.com/shorts/yHJxsCCpvII,y
https://www.youtube.com/shorts/xuCZGyF4_OI,y
https://www.youtube.com/shorts/3_q4ltsZdXw,y
https://www.youtube.com/shorts/KI2xvN5uAio,y
https://www.youtube.com/shorts/FMLrXX8KuIE,y
https://www.youtube.com/shorts/KvC7BzOh3a4,y
https://www.youtube.com/shorts/qqD50l6uMoI,y
https://www.youtube.com/shorts/UC2wFWTIbOQ,n
https://www.youtube.com/shorts/E0CqSls9tlY,y
https://www.youtube.com/shorts/OekdUrh4Sjg,y
https://www.youtube.com/shorts/5AwBKfZ_ALw,y
https://www.youtube.com/shorts/jAJEXi5aE6A,y
https://www.youtube.com/shorts/k57-z_lu8ek,y
https://www.youtube.com/shorts/cz6EnE7_otM,n
https://www.youtube.com/shorts/5ec0vrDiOGo,y
https://www.youtube.com/shorts/rkm_YBu8bQI,y
https://www.youtube.com/shorts/ufWndny-hiM,y
https://www.youtube.com/shorts/jCbK3JFlupg,y
https://www.youtube.com/shorts/UVYMHh1xiE8,y
https://www.youtube.com/shorts/nJrexVnM6a0,y
https://www.youtube.com/shorts/JBbq0AV6zRI,y
https://www.youtube.com/shorts/xq3qYrd7AYk,y
https://www.youtube.com/shorts/YIU3HFH6Tnc,y
https://www.youtube.com/shorts/oM69wmG521Y,y
https://www.youtube.com/shorts/HW4uJ5pPvcs,y
https://www.youtube.com/shorts/P4hnJyXvDcg,y
https://www.youtube.com/shorts/rS6vuHu-b6Q,y
https://www.youtube.com/shorts/54KVJVAWEzs,y
https://www.youtube.com/shorts/sNg-d3CZkXA,y
https://www.youtube.com/shorts/MVe7AcDfQ6s,y
https://www.youtube.com/shorts/Kmu7Maxn3DA,y
https://www.youtube.com/shorts/40Fp9vs4JNk,y
https://www.youtube.com/shorts/UspV5NdZdI4,y
https://www.youtube.com/shorts/XHLs8aYhgdw,y
https://www.youtube.com/shorts/8TTHB3-o32I,y
https://www.youtube.com/shorts/tMN6Dc7eb-c,y
https://www.youtube.com/shorts/OQucWSfivEY,y
https://www.youtube.com/shorts/LKG8dnwOHos,y
https://www.youtube.com/shorts/KHxEtJq_gr4,y
https://www.youtube.com/shorts/HHsTmqHs9BE,n
https://www.youtube.com/shorts/UDwDet6TvKU,y
https://www.youtube.com/shorts/UV5MmScWe0A,y
https://www.youtube.com/shorts/gPqz7LJoOGk,y
https://www.youtube.com/shorts/jo3IJj4Ya_U,y
https://www.youtube.com/shorts/eCNN-UVHhUw,y
https://www.youtube.com/shorts/wzQhfSlkdlY,y
https://www.youtube.com/shorts/-WTErCeYkbE,y
https://www.youtube.com/shorts/hXmcHJRjRyQ,n
https://www.youtube.com/shorts/CwlMOUXwODk,y
https://www.youtube.com/shorts/btedFKVI-vs,y
https://www.youtube.com/shorts/S3lbBe9TMWk,y
https://www.youtube.com/shorts/Uei8Cqjczjg,y
https://www.youtube.com/shorts/pqb7H5jTAT0,y
https://www.youtube.com/shorts/YfQPDdwXfzg,n
https://www.youtube.com/shorts/hg-3aJTmsuA,y
https://www.youtube.com/shorts/PTvObiWyWO0,n
https://www.youtube.com/shorts/632Viy81tD0,n
https://www.youtube.com/shorts/i4PPg6n3frI,y
https://www.youtube.com/shorts/l1Xl3AHzkm8,y
https://www.youtube.com/shorts/tV18G58zM-4,y
https://www.youtube.com/shorts/PgJf78bEAdI,y
https://www.youtube.com/shorts/1KoTZi8pXjM,y
https://www.youtube.com/shorts/EvukSUmgaFA,y
https://www.youtube.com/shorts/mkq1jMEzmpk,y
https://www.youtube.com/shorts/s-hi7601Kn8,y
https://www.youtube.com/shorts/br0FmzMfhQI,y
https://www.youtube.com/shorts/axqspHyU-yo,y
https://www.youtube.com/shorts/lXO6j48Ytbw,y
https://www.youtube.com/shorts/7WmzBCPpQfs,y
https://www.youtube.com/shorts/M_0qTLspB-Y,y
https://www.youtube.com/shorts/jH6R2ei839I,y
https://www.youtube.com/shorts/EyBw-uBXOC8,y
https://www.youtube.com/shorts/B19q2LDrvio,y
https://www.youtube.com/shorts/wD_KsbL6ah0,n
https://www.youtube.com/shorts/UlqzNkudeqw,y
https://www.youtube.com/shorts/cdf2NStJAmk,y
https://www.youtube.com/shorts/4c3ajM3SKnY,y
https://www.youtube.com/shorts/vvfwff7VIc8,y
https://www.youtube.com/shorts/q6Vnp1PfUqk,y
https://www.youtube.com/shorts/Pmp73pffm5s,n
https://www.youtube.com/shorts/9MpQO7FA90w,y
https://www.youtube.com/shorts/k5Mnw7jtRLs,y
https://www.youtube.com/shorts/AupooHm-M00,y
https://www.youtube.com/shorts/BQJywSBfSeY,y
https://www.youtube.com/shorts/zuXIpB-kFTE,n
https://www.youtube.com/shorts/_WLActbTF0I,y
https://www.youtube.com/shorts/s1hZBe8IUw8,y
https://www.youtube.com/shorts/-LdTwVXTalg,y
https://www.youtube.com/shorts/Jeaajk7X1Io,n
https://www.youtube.com/shorts/0ukD_Cc2h3k,y
https://www.youtube.com/shorts/JS7xrE_dEvk,n
https://www.youtube.com/shorts/b6pFbbx9AYc,y
https://www.youtube.com/shorts/LGPYmJi6qQc,n
https://www.youtube.com/shorts/-pRvkZnVy60,n
https://www.youtube.com/shorts/8YbQITHkqoE,y
https://www.youtube.com/shorts/XSfWkniK8bI,y
https://www.youtube.com/shorts/dHMortYpkFA,y
https://www.youtube.com/shorts/P7xoHwBDO-s,y
https://www.youtube.com/shorts/vt_trYMPe98,y
https://www.youtube.com/shorts/w0TCQh-eJrY,n
https://www.youtube.com/shorts/jzVpJxNJiow,y
https://www.youtube.com/shorts/tLXueojryKM,y
https://www.youtube.com/shorts/eBirCn32_io,y
https://www.youtube.com/shorts/bKq7yIDb52s,y
https://www.youtube.com/shorts/HgHLLXoH4vg,n
https://www.youtube.com/shorts/Bv2iG_OaV_A,y
https://www.youtube.com/shorts/7lVf9ShmhTA,y
https://www.youtube.com/shorts/GiT_r9mf5sA,y
https://www.youtube.com/shorts/jRL5GxoKT58,y
https://www.youtube.com/shorts/sUeI-MIKi-E,y
https://www.youtube.com/shorts/o2s51IyaY70,n
https://www.youtube.com/shorts/V6CFRH8ZUBY,y
https://www.youtube.com/shorts/7_OgXr5f-88,y
https://www.youtube.com/shorts/qtOVu5GLmJA,n
https://www.youtube.com/shorts/Tkvc-QC7ZQU,y
https://www.youtube.com/shorts/oJam96xOED0,y
https://www.youtube.com/shorts/sNxFUFlufvA,n
https://www.youtube.com/shorts/7q5m6Q6TIWg,y
https://www.youtube.com/shorts/M0aUHuDxuo8,n
https://www.youtube.com/shorts/0TrVNsbCUco,y
https://www.youtube.com/shorts/pUE40ATdsg8,y
https://www.youtube.com/shorts/oDMe24cJ_Jo,y
https://www.youtube.com/shorts/SMwfrGRrQ8w,y
https://www.youtube.com/shorts/X_JFe-x2Nxs,y
https://www.youtube.com/shorts/G3l4EfcWqB0,y
https://www.youtube.com/shorts/QBmuw42FVcQ,y
https://www.youtube.com/shorts/aGnokv1Hd-4,n
https://www.youtube.com/shorts/fzNmBTYKo44,y
https://www.youtube.com/shorts/gc85zHi0Hgo,y
https://www.youtube.com/shorts/QzJ7ymkUKFQ,y
https://www.youtube.com/shorts/unwNpGFHGws,y
https://www.youtube.com/shorts/PzvbBr9E6lk,y
https://www.youtube.com/shorts/YR3IhXmQE0w,y
https://www.youtube.com/shorts/x2fXY8YLFB0,y
https://www.youtube.com/shorts/Agrdx63XrbA,y
https://www.youtube.com/shorts/0Ua8WnoO4cM,y
https://www.youtube.com/shorts/fbjtAErAbdk,y
https://www.youtube.com/shorts/qry6gwe27ws,y
https://www.youtube.com/shorts/yXo-aVmNRY0,y
https://www.youtube.com/shorts/q_NCw9GPIkI,y
https://www.youtube.com/shorts/x_C7Z3L3r9s,y
https://www.youtube.com/shorts/3t0MzXcb50M,n
https://www.youtube.com/shorts/Y3iNX7iFQI8,n
https://www.youtube.com/shorts/srrVy8R-tJ4,y
https://www.youtube.com/shorts/x66iT30cJpk,y
https://www.youtube.com/shorts/R0HTsLLlR4E,y
https://www.youtube.com/shorts/Q_tKS7E_KqQ,y
https://www.youtube.com/shorts/PsA68C_klpE,y
https://www.youtube.com/shorts/wIEzW3Ac-Pg,y
https://www.youtube.com/shorts/w6scGZBqJng,y
https://www.youtube.com/shorts/lSWp4W9n54c,y
https://www.youtube.com/shorts/48ZzhhOxKI4,y
https://www.youtube.com/shorts/hhJU6sO6-_M,n
https://www.youtube.com/shorts/1x-6wkSyQWs,y
https://www.youtube.com/shorts/8JF3T8kBigE,y
https://www.youtube.com/shorts/R2bST0dxL9A,n
https://www.youtube.com/shorts/gJBQEnffhdI,y
https://www.youtube.com/shorts/IPR-vPaxMwc,y
https://www.youtube.com/shorts/eHditdHy57w,y
https://www.youtube.com/shorts/oI-X4ArD808,y
https://www.youtube.com/shorts/sn-TArzpzYM,y
https://www.youtube.com/shorts/iGqnuPL4-WI,y
https://www.youtube.com/shorts/owRQGw8YNXE,y
https://www.youtube.com/shorts/hlWh6kys1uw,n
https://www.youtube.com/shorts/EMhfU64vTS4,y
https://www.youtube.com/shorts/sooiKQ4mkvA,y
https://www.youtube.com/shorts/t-q0BHnqkp8,n
https://www.youtube.com/shorts/H5TC6hyqvz0,y
https://www.youtube.com/shorts/ot_ohe2zlLc,y
https://www.youtube.com/shorts/vYGaVRl-o9Y,y
https://www.youtube.com/shorts/Nu__XvTBEjg,y
https://www.youtube.com/shorts/VSjI5kPQIEw,y
https://www.youtube.com/shorts/rEvF5Hg0Ttw,y
https://www.youtube.com/shorts/zGRYR9bZZN8,n
https://www.youtube.com/shorts/3VUlpL1__Fo,n
https://www.youtube.com/shorts/dyupKMphtes,y
https://www.youtube.com/shorts/DPwbRUMgjzU,y
https://www.youtube.com/shorts/GDzo_F1lJpo,y
https://www.youtube.com/shorts/vDk1eHokYpw,y
https://www.youtube.com/shorts/ULo1XwfEAQU,n
https://www.youtube.com/shorts/EN6nfrT2Y0c,y
https://www.youtube.com/shorts/mnlR_rvnQNg,y
https://www.youtube.com/shorts/012tPT1T8DU,y
https://www.youtube.com/shorts/K4Qeo8aK6kc,y
https://www.youtube.com/shorts/Y8eGN-l_WfM,y
https://www.youtube.com/shorts/x0_2AqNpi8k,n
https://www.youtube.com/shorts/u50WU-MhAow,n
https://www.youtube.com/shorts/awysHhSW2ek,n
https://www.youtube.com/shorts/9tv5e949nHY,y
https://www.youtube.com/shorts/DKgVRhrWIh4,y
https://www.youtube.com/shorts/sm6h6IzMzdo,y
https://www.youtube.com/shorts/Z8rEoNc4vtk,y
https://www.youtube.com/shorts/7IGinrrnhh4,n
https://www.youtube.com/shorts/YJXGxlQwnm4,y
https://www.youtube.com/shorts/R_4m1vEvtkY,n
https://www.youtube.com/shorts/LVd_Bv21y9U,y
https://www.youtube.com/shorts/gmAzmpEUwsg,y
https://www.youtube.com/shorts/NUjTTmobxTE,y
https://www.youtube.com/shorts/paQKagZwjBw,y
https://www.youtube.com/shorts/-LIEW-m-2Qw,y
https://www.youtube.com/shorts/VCbRYkTNCSo,y
https://www.youtube.com/shorts/VCeMkHGnnZ4,n
https://www.youtube.com/shorts/0McxRz7Btrs,n
https://www.youtube.com/shorts/3GLsasMNWIk,y
https://www.youtube.com/shorts/En4bnjMBUmI,n
https://www.youtube.com/shorts/q1L7v1-Eu-o,y
https://www.youtube.com/shorts/owq7AMzDvjU,n
https://www.youtube.com/shorts/tX40cY6yjmM,y
https://www.youtube.com/shorts/mdf5_tIi2EA,y
https://www.youtube.com/shorts/v0nl9NDfaAA,n
https://www.youtube.com/shorts/JlVXp49Jy_8,y
https://www.youtube.com/shorts/_CFK_Uz-Jtk,y
https://www.youtube.com/shorts/tPQdCYJq-_I,y
https://www.youtube.com/shorts/iEOzZbj8aYw,y
https://www.youtube.com/shorts/kd4hPC40Plo,y
https://www.youtube.com/shorts/TY7qObogrow,n
https://www.youtube.com/shorts/cdDUnK7buN8,y
https://www.youtube.com/shorts/oJ9r1xfmFrc,y
https://www.youtube.com/shorts/LOCsLo5HigA,y
https://www.youtube.com/shorts/3cKmSMYPers,y
https://www.youtube.com/shorts/q6Ugg2YBx3U,y
https://www.youtube.com/shorts/a07G2SICVoM,y
https://www.youtube.com/shorts/MpWo4LIfrbQ,y
https://www.youtube.com/shorts/N8PVcrRAsaQ,y
https://www.youtube.com/shorts/kHEkjcEpUR4,y
https://www.youtube.com/shorts/mbMrUGoj2no,y
https://www.youtube.com/shorts/xizaVBnRgBY,y
https://www.youtube.com/shorts/Sj8uaNOl_zg,y
https://www.youtube.com/shorts/sLDn8f5JCG0,y
https://www.youtube.com/shorts/Kld0sqGScnA,y
https://www.youtube.com/shorts/xjMJ8vzJPOM,y
https://www.youtube.com/shorts/YAp81Zdaxc4,y
https://www.youtube.com/shorts/_k0XNOycje0,y
https://www.youtube.com/shorts/U-iFP9jtYyg,y
https://www.youtube.com/shorts/UJxO46vW8kw,y
https://www.youtube.com/shorts/1AD-Mm90XWE,y
https://www.youtube.com/shorts/sNTiNXEoYrQ,y
https://www.youtube.com/shorts/7RPNgv-y8jg,y
https://www.youtube.com/shorts/GmlJLGrUZJo,y
https://www.youtube.com/shorts/XCYHtKnJAWM,y
https://www.youtube.com/shorts/NsARbQmYzW0,n
https://www.youtube.com/shorts/laHsv5YPFz8,y
https://www.youtube.com/shorts/zxMILaABdCg,y
https://www.youtube.com/shorts/I2crRbquDnE,n
https://www.youtube.com/shorts/SBIya-BTomE,y
https://www.youtube.com/shorts/oj4iLVA87-8,n
https://www.youtube.com/shorts/tMR9n1DxLws,y
https://www.youtube.com/shorts/s9kXxSaUvaw,n
https://www.youtube.com/shorts/CDl7S62Q5-o,y
https://www.youtube.com/shorts/S5bAjqrPsUY,y
https://www.youtube.com/shorts/iNl2pMdCjCc,y
https://www.youtube.com/shorts/0KKNjOW6UQs,y
https://www.youtube.com/shorts/FbzuT7AKeuM,y
https://www.youtube.com/shorts/Gm3js6etnw8,y
https://www.youtube.com/shorts/sokCa9crxF8,y
https://www.youtube.com/shorts/1TREESHUg2w,n
https://www.youtube.com/shorts/gj1KKYqx0sQ,y
https://www.youtube.com/shorts/ImDMmMppiWM,n
https://www.youtube.com/shorts/WettZTZCSro,y
https://www.youtube.com/shorts/lQ1WUjtKB3w,y
https://www.youtube.com/shorts/AuKiPyOQDRc,y
https://www.youtube.com/shorts/OR2ZyvuwUvI,n
https://www.youtube.com/shorts/VtYIe3BQtEg,n
https://www.youtube.com/shorts/QQLuQguWIMo,y
https://www.youtube.com/shorts/Zq2xFfb0hPw,n
https://www.youtube.com/shorts/WadEUm7I6Qs,y
https://www.youtube.com/shorts/QS9AYl9Y0YI,y
https://www.youtube.com/shorts/9CakuYtfvuc,n
https://www.youtube.com/shorts/1lMfuzWeH0k,y
https://www.youtube.com/shorts/MDwGwYhK7bc,n
https://www.youtube.com/shorts/SYRVU_c4iNI,n
https://www.youtube.com/shorts/XQ6lm5_oZNE,n
https://www.youtube.com/shorts/VZ_5qzFo8QM,n
https://www.youtube.com/shorts/kOqoWoIAj9o,n
https://www.youtube.com/shorts/XhOX14SH2HA,y
https://www.youtube.com/shorts/joaOjsT5Dxo,y
https://www.youtube.com/shorts/zrwCw5wJE3o,y
https://www.youtube.com/shorts/AmA8Y3el7WY,n
https://www.youtube.com/shorts/1zDd-3J1nTg,y
https://www.youtube.com/shorts/KOkNgAkqm0s,y
https://www.youtube.com/shorts/nfpAaQIpyvc,y
https://www.youtube.com/shorts/DysD-812gcM,y
https://www.youtube.com/shorts/CCIw_jsDXq0,y
https://www.youtube.com/shorts/rSCVA2jqebQ,y
https://www.youtube.com/shorts/vXMtOZwScDA,y
https://www.youtube.com/shorts/pj82Pthhao4,y
https://www.youtube.com/shorts/tjGl_aTeoGQ,y
https://www.youtube.com/shorts/g2djlBnYH1I,y
https://www.youtube.com/shorts/DHXqIl96OnY,y
https://www.youtube.com/shorts/fwOMNxRVaS4,y
https://www.youtube.com/shorts/iP72uYH3Wvc,y
https://www.youtube.com/shorts/-rhAP7cz8q8,n
https://www.youtube.com/shorts/lX-8fUElmTk,n
https://www.youtube.com/shorts/FdHdBWMInF8,n
https://www.youtube.com/shorts/Hga74SkTjl4,y
https://www.youtube.com/shorts/-6RfvhC7dBE,y
https://www.youtube.com/shorts/14Zly167UOU,n
https://www.youtube.com/shorts/58iQ1qjJcqs,n
https://www.youtube.com/shorts/KYIQLwU3-4Y,y
https://www.youtube.com/shorts/TullpYaP4Vs,n
https://www.youtube.com/shorts/pnCU1Ebl5TY,n
https://www.youtube.com/shorts/pPxe8HnmTzg,y
https://www.youtube.com/shorts/U4-SkTiBrrY,y
https://www.youtube.com/shorts/R3iVmlw8d1w,y
https://www.youtube.com/shorts/8YQiShGHn-g,y
https://www.youtube.com/shorts/t9XNyZFFPys,y
https://www.youtube.com/shorts/VduXPbDnruw,y
https://www.youtube.com/shorts/hTf79VEdjMI,n
https://www.youtube.com/shorts/IFQpgrdL0T0,n
https://www.youtube.com/shorts/clAvSPwV-qs,n
https://www.youtube.com/shorts/dfgQjqUrFZY,y
https://www.youtube.com/shorts/lBfWo27gfO0,y
https://www.youtube.com/shorts/jVymhtWcmEM,n
https://www.youtube.com/shorts/-mmjsOxMmeU,y
https://www.youtube.com/shorts/76qbPtr0cxo,n
https://www.youtube.com/shorts/_KJtiwneCxg,n
https://www.youtube.com/shorts/3te9XUuotOI,n
https://www.youtube.com/shorts/52_CCM-OmJA,n
https://www.youtube.com/shorts/JuijVVweUWU,n
https://www.youtube.com/shorts/W2b5Bcy7wIY,n
https://www.youtube.com/shorts/o7AQy-n7sos,y
https://www.youtube.com/shorts/ByWmRjkNiqs,y
https://www.youtube.com/shorts/n5BeAZ7ECvk,n
https://www.youtube.com/shorts/jt-H8vLGyjg,n
https://www.youtube.com/shorts/H12SwqwR2NE,y
https://www.youtube.com/shorts/lZzR0hxPqjI,n
https://www.youtube.com/shorts/x8nlLMrHZs4,n
https://www.youtube.com/shorts/RNGWqPXcnRg,n
https://www.youtube.com/shorts/my4F3BB8y0s,n
https://www.youtube.com/shorts/KrtYasOGibU,y
https://www.youtube.com/shorts/sdsC8kY9ncU,y
https://www.youtube.com/shorts/6tw26aTYaMI,n
https://www.youtube.com/shorts/GhT7GLq3XjY,n
https://www.youtube.com/shorts/0MBqXPvqsVw,n
https://www.youtube.com/shorts/Rd0UqlRf1eE,n
https://www.youtube.com/shorts/ge-_9HrIL5U,n
https://www.youtube.com/shorts/68LjlTy7U8c,n
https://www.youtube.com/shorts/mguMf1gkkXk,n
https://www.youtube.com/shorts/vCAcDml5EhA,n
https://www.youtube.com/shorts/k5W3HMmxTd8,y
https://www.youtube.com/shorts/zPmj_n-NIZM,n
https://www.youtube.com/shorts/NLJFdF4xHxk,n
https://www.youtube.com/shorts/1UeWVvH2GNU,y
https://www.youtube.com/shorts/la_Or-PuP7Q,n
https://www.youtube.com/shorts/PGxLDf6D5qk,n
https://www.youtube.com/shorts/Lkmax4enBAU,y
https://www.youtube.com/shorts/A6lALjLl26U,n
https://www.youtube.com/shorts/50H8E_ulNow,n
https://www.youtube.com/shorts/oxoWhyS9buA,n
https://www.youtube.com/shorts/h6GmNyCFiF0,y
https://www.youtube.com/shorts/kl8Pp7lhzC4,y
https://www.youtube.com/shorts/d3eSKkEvroA,n
https://www.youtube.com/shorts/7uq-Me2lzAw,y
https://www.youtube.com/shorts/XFDWMFXbDlk,n
https://www.youtube.com/shorts/VrouKpaVQUM,n
https://www.youtube.com/shorts/Mdr1JLQxj_o,n
https://www.youtube.com/shorts/GJTC-174Eck,n
https://www.youtube.com/shorts/602LKoXRKt4,n
https://www.youtube.com/shorts/I36bVoNSCNo,y
https://www.youtube.com/shorts/q4RT_nxtxew,y
https://www.youtube.com/shorts/_R1Mq0MwHPM,y
https://www.youtube.com/shorts/voXs1SX2dQI,y
https://www.youtube.com/shorts/AzTmzDeupkc,n
https://www.youtube.com/shorts/Rozzgh-8hyo,n
https://www.youtube.com/shorts/YpGrH4kJouc,y
https://www.youtube.com/shorts/8zafLJXp_NY,y
https://www.youtube.com/shorts/iDxcntK5qSA,n
https://www.youtube.com/shorts/AE1Dw7lCtQo,n
https://www.youtube.com/shorts/8Umu_w_65Qs,n
https://www.youtube.com/shorts/sR61TAsoieQ,y
https://www.youtube.com/shorts/GSWgw26MDks,y
https://www.youtube.com/shorts/rK299fKvPZA,n
https://www.youtube.com/shorts/4Kq0Xqfb-_0,y
https://www.youtube.com/shorts/RJi8X3rogWg,n
https://www.youtube.com/shorts/HhQNB7E4DXg,n
https://www.youtube.com/shorts/Qs0EQfPAGL0,n
https://www.youtube.com/shorts/wQPlEBymvdE,y
https://www.youtube.com/shorts/cuxjy2HRPgc,n
https://www.youtube.com/shorts/w44-tChC014,n
https://www.youtube.com/shorts/oN7cINvkkXo,y
https://www.youtube.com/shorts/Qw9w7heeoyc,n
https://www.youtube.com/shorts/AVGLXw5PpBU,y
https://www.youtube.com/shorts/3WRg1BkFXmU,n
https://www.youtube.com/shorts/7pIeeOuk_FQ,n
https://www.youtube.com/shorts/aPCXMlstLco,n
https://www.youtube.com/shorts/mOxau8sH_1g,y
https://www.youtube.com/shorts/6o5lg1Wy8rM,n
https://www.youtube.com/shorts/RsP7PhHwVfw,y
https://www.youtube.com/shorts/0TnzG62SGfE,n
https://www.youtube.com/shorts/VFHy85jcYpc,n
https://www.youtube.com/shorts/9OrjIg-Qsr4,n
https://www.youtube.com/shorts/WyF-1PwAUlg,y
https://www.youtube.com/shorts/c4ocpeP_ol4,y
https://www.youtube.com/shorts/nzTG9PQYZGo,y
https://www.youtube.com/shorts/nc1F0jkCYrU,n
https://www.youtube.com/shorts/3w7_0AbLTUY,n
https://www.youtube.com/shorts/NlY-ezpykAk,n
https://www.youtube.com/shorts/9csgzpejFrE,y
https://www.youtube.com/shorts/4YQ5znIYxK4,n
https://www.youtube.com/shorts/JQxQqdn9dEM,y
https://www.youtube.com/shorts/9zptUb1eDTU,n
https://www.youtube.com/shorts/HDt5tHU9cy4,n
https://www.youtube.com/shorts/P-CHriyiBLE,n
https://www.youtube.com/shorts/pLO9-vFalUc,n
https://www.youtube.com/shorts/T3dsSe0gAhE,n
https://www.youtube.com/shorts/YikLbh-Hpck,n
https://www.youtube.com/shorts/w09RpSumTX8,n
https://www.youtube.com/shorts/NOK1aOfHkFQ,n
https://www.youtube.com/shorts/Le72D4dp4sg,y
https://www.youtube.com/shorts/Dvvjwu_VqNQ,y
https://www.youtube.com/shorts/SB7wcZ6yV8Y,n
https://www.youtube.com/shorts/q0YZU8wL4Fg,y
https://www.youtube.com/shorts/qV5HC8WNTe8,y
https://www.youtube.com/shorts/6bHHnPYyfJ0,n
https://www.youtube.com/shorts/QjA2h8w33XI,y
https://www.youtube.com/shorts/nxAcm1INWk0,n
https://www.youtube.com/shorts/IExhIiVo4LU,n
https://www.youtube.com/shorts/TdPHvhqRWPI,n
https://www.youtube.com/shorts/qwZJ4c0xXXE,n
https://www.youtube.com/shorts/9Tu0G8G10Gs,n
https://www.youtube.com/shorts/UCDI42mN53c,n
https://www.youtube.com/shorts/81GEW5foTWA,n
https://www.youtube.com/shorts/6aTlQBHSWnk,n
https://www.youtube.com/shorts/MDZzs0rokSs,y
https://www.youtube.com/shorts/on1Cpt3PtUA,n
https://www.youtube.com/shorts/HvguzUNgf5c,n
https://www.youtube.com/shorts/cvO0QhRp9zA,y
https://www.youtube.com/shorts/-iGfO8Q4rE4,n
https://www.youtube.com/shorts/hnNypWNSyOg,n
https://www.youtube.com/shorts/KtYJ2peOGEo,n
https://www.youtube.com/shorts/Q7wuEuM2lwk,n
https://www.youtube.com/shorts/pFqTRbOnhVo,y
https://www.youtube.com/shorts/LJ8Pb7aTOuY,n
https://www.youtube.com/shorts/9CFC7EFYQ6U,y
https://www.youtube.com/shorts/krPXQyHIJIg,n
https://www.youtube.com/shorts/0NpdAPDrgmE,n
https://www.youtube.com/shorts/Nui8R_xkyL4,y
https://www.youtube.com/shorts/LOCIQxy0ezs,y
https://www.youtube.com/shorts/oqI7gsMNk2s,n
https://www.youtube.com/shorts/QKOAlrNmSEQ,y
https://www.youtube.com/shorts/po71Uum4sBw,n
https://www.youtube.com/shorts/-6NN1DYZQM8,n
https://www.youtube.com/shorts/IjmUJMetO1Y,y
https://www.youtube.com/shorts/TIfgvLOnh7w,n
https://www.youtube.com/shorts/wvlTj38yWpM,y
https://www.youtube.com/shorts/MFY0fyItYN4,n
https://www.youtube.com/shorts/o1VNPzyKVKo,y
https://www.youtube.com/shorts/kI1hIrmZYZM,n
https://www.youtube.com/shorts/1mp6V4j3yfQ,n
https://www.youtube.com/shorts/S_JQhOg0tGA,y
https://www.youtube.com/shorts/1bjba5Oj0io,n
https://www.youtube.com/shorts/8KM27VylQ5g,y
https://www.youtube.com/shorts/g_wuoInNyAI,y
https://www.youtube.com/shorts/fvB_tUeXiVM,n
https://www.youtube.com/shorts/nGSFGwVgt5w,n
https://www.youtube.com/shorts/1x3R8xb7SVA,y
https://www.youtube.com/shorts/WegajGQBV-E,y
https://www.youtube.com/shorts/-KYQt9wwR3c,y
https://www.youtube.com/shorts/5XyAF0xic1k,n
https://www.youtube.com/shorts/OXHCt8Ym9gw,y
https://www.youtube.com/shorts/2X9QoWcICd0,y
https://www.youtube.com/shorts/p1MkeYB1dPY,y
https://www.youtube.com/shorts/yMw_3nO3-BQ,n
https://www.youtube.com/shorts/1FwkDSs0YDY,n
https://www.youtube.com/shorts/YliDfhixNLE,n
https://www.youtube.com/shorts/tKL6u2cVobY,n
https://www.youtube.com/shorts/wt1mZ68B03g,y
https://www.youtube.com/shorts/MiWhKtsQKDY,y
https://www.youtube.com/shorts/DSHmrD1j8AY,y
https://www.youtube.com/shorts/rS0P-tIq4Wk,n
https://www.youtube.com/shorts/b-Ud9lcv4s0,y
https://www.youtube.com/shorts/iLycuRm1V0Q,y
https://www.youtube.com/shorts/bAledCEsPFs,y
https://www.youtube.com/shorts/dEMkO06cc60,n
https://www.youtube.com/shorts/a30myoyPTEY,n
https://www.youtube.com/shorts/nKuHKt9PXO4,y
https://www.youtube.com/shorts/vF122HINxe4,y
https://www.youtube.com/shorts/hSIC5xwBw6o,y
https://www.youtube.com/shorts/PSsksRmtr84,y
https://www.youtube.com/shorts/2642wWT7gxw,n
https://www.youtube.com/shorts/0FR21TMRNtU,n
https://www.youtube.com/shorts/0JBR9LkIgqU,y
https://www.youtube.com/shorts/coqH_kHaW4g,n
https://www.youtube.com/shorts/CYahWF0t9Kg,n
https://www.youtube.com/shorts/W3NbWIogn2k,n
https://www.youtube.com/shorts/lYc5wXUUYos,y
https://www.youtube.com/shorts/RFTa6_aXNDU,n
https://www.youtube.com/shorts/E2EHYWwUlBU,n
https://www.youtube.com/shorts/yN0Wq3Cb3rI,n
https://www.youtube.com/shorts/pdPfQA6FJCU,n
https://www.youtube.com/shorts/4pj3ycklIPc,n
https://www.youtube.com/shorts/9D-hwA8c2yM,n
https://www.youtube.com/shorts/EFDguBlzb0o,n
https://www.youtube.com/shorts/24kx2wPHuRQ,n
https://www.youtube.com/shorts/3y4bywAE40Q,y
https://www.youtube.com/shorts/JXmvj_qARJo,n
https://www.youtube.com/shorts/Knu6j73KlwU,y
https://www.youtube.com/shorts/_VjGI0cSTMg,n
https://www.youtube.com/shorts/_2YAjwJjvYI,n
https://www.youtube.com/shorts/-bh5kzIz5ys,n
https://www.youtube.com/shorts/Pb5e6477zzs,n
https://www.youtube.com/shorts/xr8LQdlXsvY,n
https://www.youtube.com/shorts/1Hzp64KXSe4,n
https://www.youtube.com/shorts/BSxCySDz4dk,n
https://www.youtube.com/shorts/YLtvhr48cg4,y
https://www.youtube.com/shorts/ipMp7wFlD3E,n
https://www.youtube.com/shorts/u0eGAUN090M,y
https://www.youtube.com/shorts/wmzgVzmkVJc,n
https://www.youtube.com/shorts/587uYm771ho,n
https://www.youtube.com/shorts/0LQzXil0HMk,n
https://www.youtube.com/shorts/uZQhVz00cqo,n
https://www.youtube.com/shorts/tk0Psxs045g,n
https://www.youtube.com/shorts/VcbiIlHYsLA,n
https://www.youtube.com/shorts/tOjRWL71yFU,n
https://www.youtube.com/shorts/oOjIvdM3IZs,n
https://www.youtube.com/shorts/jsvtibXIpok,n
https://www.youtube.com/shorts/01-6u8rzuG0,n
https://www.youtube.com/shorts/ZrJcviCcU1k,n
https://www.youtube.com/shorts/_gz6AV1ycvM,n
https://www.youtube.com/shorts/2UFFBQjyQIU,n
https://www.youtube.com/shorts/rfhI_6LsKTg,y
https://www.youtube.com/shorts/XLvhLK7tja4,n
https://www.youtube.com/shorts/rPbwtTjyRTU,y
https://www.youtube.com/shorts/_Ih3GL-Zlwo,n
https://www.youtube.com/shorts/GSFTeU1aVTI,n
https://www.youtube.com/shorts/KRpDZ1uCqDI,n
https://www.youtube.com/shorts/3LOa6I3n-hk,n
https://www.youtube.com/shorts/tWKiYppQoNI,n
https://www.youtube.com/shorts/QbB1v7RI5iU,n
https://www.youtube.com/shorts/gkA-GlAyxHE,n
https://www.youtube.com/shorts/v22K_Cyvspw,n
https://www.youtube.com/shorts/jrSsNzsi4eQ,y
https://www.youtube.com/shorts/BRYAWqGjmPo,n
https://www.youtube.com/shorts/FSOxXsYVJMQ,y
https://www.youtube.com/shorts/ur8JafmqqN0,n
