url,valid
https://www.youtube.com/shorts/xKPYSGtg2ao,
https://www.youtube.com/shorts/ZtfqjjyQ6E0,
https://www.youtube.com/shorts/_LtgMsBi29Q,
https://www.youtube.com/shorts/Ms9EIbjo5zw,
https://www.youtube.com/shorts/B_qWxJnQ7ts,
https://www.youtube.com/shorts/LBPpjzwmIbw,
https://www.youtube.com/shorts/dEmXjT8rqL8,
https://www.youtube.com/shorts/yHJxsCCpvII,
https://www.youtube.com/shorts/xuCZGyF4_OI,
https://www.youtube.com/shorts/3_q4ltsZdXw,
https://www.youtube.com/shorts/KI2xvN5uAio,
https://www.youtube.com/shorts/FMLrXX8KuIE,
https://www.youtube.com/shorts/KvC7BzOh3a4,
https://www.youtube.com/shorts/qqD50l6uMoI,
https://www.youtube.com/shorts/UC2wFWTIbOQ,
https://www.youtube.com/shorts/E0CqSls9tlY,
https://www.youtube.com/shorts/OekdUrh4Sjg,
https://www.youtube.com/shorts/5AwBKfZ_ALw,
https://www.youtube.com/shorts/jAJEXi5aE6A,
https://www.youtube.com/shorts/k57-z_lu8ek,
https://www.youtube.com/shorts/cz6EnE7_otM,
https://www.youtube.com/shorts/5ec0vrDiOGo,
https://www.youtube.com/shorts/rkm_YBu8bQI,
https://www.youtube.com/shorts/ufWndny-hiM,
https://www.youtube.com/shorts/jCbK3JFlupg,
https://www.youtube.com/shorts/UVYMHh1xiE8,
https://www.youtube.com/shorts/nJrexVnM6a0,
https://www.youtube.com/shorts/JBbq0AV6zRI,
https://www.youtube.com/shorts/xq3qYrd7AYk,
https://www.youtube.com/shorts/YIU3HFH6Tnc,
https://www.youtube.com/shorts/oM69wmG521Y,
https://www.youtube.com/shorts/HW4uJ5pPvcs,
https://www.youtube.com/shorts/P4hnJyXvDcg,
https://www.youtube.com/shorts/rS6vuHu-b6Q,
https://www.youtube.com/shorts/54KVJVAWEzs,
https://www.youtube.com/shorts/sNg-d3CZkXA,
https://www.youtube.com/shorts/MVe7AcDfQ6s,
https://www.youtube.com/shorts/Kmu7Maxn3DA,
https://www.youtube.com/shorts/40Fp9vs4JNk,
https://www.youtube.com/shorts/UspV5NdZdI4,
https://www.youtube.com/shorts/XHLs8aYhgdw,
https://www.youtube.com/shorts/8TTHB3-o32I,
https://www.youtube.com/shorts/tMN6Dc7eb-c,
https://www.youtube.com/shorts/OQucWSfivEY,
https://www.youtube.com/shorts/LKG8dnwOHos,
https://www.youtube.com/shorts/KHxEtJq_gr4,
https://www.youtube.com/shorts/HHsTmqHs9BE,
https://www.youtube.com/shorts/UDwDet6TvKU,
https://www.youtube.com/shorts/UV5MmScWe0A,
https://www.youtube.com/shorts/gPqz7LJoOGk,
https://www.youtube.com/shorts/jo3IJj4Ya_U,
https://www.youtube.com/shorts/eCNN-UVHhUw,
https://www.youtube.com/shorts/wzQhfSlkdlY,
https://www.youtube.com/shorts/-WTErCeYkbE,
https://www.youtube.com/shorts/hXmcHJRjRyQ,
https://www.youtube.com/shorts/CwlMOUXwODk,
https://www.youtube.com/shorts/btedFKVI-vs,
https://www.youtube.com/shorts/S3lbBe9TMWk,
https://www.youtube.com/shorts/Uei8Cqjczjg,
https://www.youtube.com/shorts/pqb7H5jTAT0,
https://www.youtube.com/shorts/YfQPDdwXfzg,
https://www.youtube.com/shorts/hg-3aJTmsuA,
https://www.youtube.com/shorts/PTvObiWyWO0,
https://www.youtube.com/shorts/632Viy81tD0,
https://www.youtube.com/shorts/i4PPg6n3frI,
https://www.youtube.com/shorts/l1Xl3AHzkm8,
https://www.youtube.com/shorts/tV18G58zM-4,
https://www.youtube.com/shorts/PgJf78bEAdI,
https://www.youtube.com/shorts/1KoTZi8pXjM,
https://www.youtube.com/shorts/EvukSUmgaFA,
https://www.youtube.com/shorts/mkq1jMEzmpk,
https://www.youtube.com/shorts/s-hi7601Kn8,
https://www.youtube.com/shorts/br0FmzMfhQI,
https://www.youtube.com/shorts/axqspHyU-yo,
https://www.youtube.com/shorts/lXO6j48Ytbw,
https://www.youtube.com/shorts/7WmzBCPpQfs,
https://www.youtube.com/shorts/M_0qTLspB-Y,
https://www.youtube.com/shorts/jH6R2ei839I,
https://www.youtube.com/shorts/EyBw-uBXOC8,
https://www.youtube.com/shorts/B19q2LDrvio,
https://www.youtube.com/shorts/wD_KsbL6ah0,
https://www.youtube.com/shorts/UlqzNkudeqw,
https://www.youtube.com/shorts/cdf2NStJAmk,
https://www.youtube.com/shorts/4c3ajM3SKnY,
https://www.youtube.com/shorts/vvfwff7VIc8,
https://www.youtube.com/shorts/q6Vnp1PfUqk,
https://www.youtube.com/shorts/Pmp73pffm5s,
https://www.youtube.com/shorts/9MpQO7FA90w,
https://www.youtube.com/shorts/k5Mnw7jtRLs,
https://www.youtube.com/shorts/AupooHm-M00,
https://www.youtube.com/shorts/BQJywSBfSeY,
https://www.youtube.com/shorts/zuXIpB-kFTE,
https://www.youtube.com/shorts/_WLActbTF0I,
https://www.youtube.com/shorts/s1hZBe8IUw8,
https://www.youtube.com/shorts/-LdTwVXTalg,
https://www.youtube.com/shorts/Jeaajk7X1Io,
https://www.youtube.com/shorts/0ukD_Cc2h3k,
https://www.youtube.com/shorts/JS7xrE_dEvk,
https://www.youtube.com/shorts/b6pFbbx9AYc,
https://www.youtube.com/shorts/LGPYmJi6qQc,
https://www.youtube.com/shorts/-pRvkZnVy60,
https://www.youtube.com/shorts/8YbQITHkqoE,
https://www.youtube.com/shorts/XSfWkniK8bI,
https://www.youtube.com/shorts/dHMortYpkFA,
https://www.youtube.com/shorts/P7xoHwBDO-s,
https://www.youtube.com/shorts/vt_trYMPe98,
https://www.youtube.com/shorts/w0TCQh-eJrY,
https://www.youtube.com/shorts/jzVpJxNJiow,
https://www.youtube.com/shorts/tLXueojryKM,
https://www.youtube.com/shorts/eBirCn32_io,
https://www.youtube.com/shorts/bKq7yIDb52s,
https://www.youtube.com/shorts/HgHLLXoH4vg,
https://www.youtube.com/shorts/Bv2iG_OaV_A,
https://www.youtube.com/shorts/7lVf9ShmhTA,
https://www.youtube.com/shorts/GiT_r9mf5sA,
https://www.youtube.com/shorts/jRL5GxoKT58,
https://www.youtube.com/shorts/sUeI-MIKi-E,
https://www.youtube.com/shorts/o2s51IyaY70,
https://www.youtube.com/shorts/V6CFRH8ZUBY,
https://www.youtube.com/shorts/7_OgXr5f-88,
https://www.youtube.com/shorts/qtOVu5GLmJA,
https://www.youtube.com/shorts/Tkvc-QC7ZQU,
https://www.youtube.com/shorts/oJam96xOED0,
https://www.youtube.com/shorts/sNxFUFlufvA,
https://www.youtube.com/shorts/7q5m6Q6TIWg,
https://www.youtube.com/shorts/M0aUHuDxuo8,
https://www.youtube.com/shorts/0TrVNsbCUco,
https://www.youtube.com/shorts/pUE40ATdsg8,
https://www.youtube.com/shorts/oDMe24cJ_Jo,
https://www.youtube.com/shorts/SMwfrGRrQ8w,
https://www.youtube.com/shorts/X_JFe-x2Nxs,
https://www.youtube.com/shorts/G3l4EfcWqB0,
https://www.youtube.com/shorts/QBmuw42FVcQ,
https://www.youtube.com/shorts/aGnokv1Hd-4,
https://www.youtube.com/shorts/fzNmBTYKo44,
https://www.youtube.com/shorts/gc85zHi0Hgo,
https://www.youtube.com/shorts/QzJ7ymkUKFQ,
https://www.youtube.com/shorts/unwNpGFHGws,
https://www.youtube.com/shorts/PzvbBr9E6lk,
https://www.youtube.com/shorts/YR3IhXmQE0w,
https://www.youtube.com/shorts/x2fXY8YLFB0,
https://www.youtube.com/shorts/Agrdx63XrbA,
https://www.youtube.com/shorts/0Ua8WnoO4cM,
https://www.youtube.com/shorts/fbjtAErAbdk,
https://www.youtube.com/shorts/qry6gwe27ws,
https://www.youtube.com/shorts/yXo-aVmNRY0,
https://www.youtube.com/shorts/q_NCw9GPIkI,
https://www.youtube.com/shorts/x_C7Z3L3r9s,
https://www.youtube.com/shorts/3t0MzXcb50M,
https://www.youtube.com/shorts/Y3iNX7iFQI8,
https://www.youtube.com/shorts/srrVy8R-tJ4,
https://www.youtube.com/shorts/x66iT30cJpk,
https://www.youtube.com/shorts/R0HTsLLlR4E,
https://www.youtube.com/shorts/Q_tKS7E_KqQ,
https://www.youtube.com/shorts/PsA68C_klpE,
https://www.youtube.com/shorts/wIEzW3Ac-Pg,
https://www.youtube.com/shorts/w6scGZBqJng,
https://www.youtube.com/shorts/lSWp4W9n54c,
https://www.youtube.com/shorts/48ZzhhOxKI4,
https://www.youtube.com/shorts/hhJU6sO6-_M,
https://www.youtube.com/shorts/1x-6wkSyQWs,
https://www.youtube.com/shorts/8JF3T8kBigE,
https://www.youtube.com/shorts/R2bST0dxL9A,
https://www.youtube.com/shorts/gJBQEnffhdI,
https://www.youtube.com/shorts/IPR-vPaxMwc,
https://www.youtube.com/shorts/eHditdHy57w,
https://www.youtube.com/shorts/oI-X4ArD808,
https://www.youtube.com/shorts/sn-TArzpzYM,
https://www.youtube.com/shorts/iGqnuPL4-WI,
https://www.youtube.com/shorts/owRQGw8YNXE,
https://www.youtube.com/shorts/hlWh6kys1uw,
https://www.youtube.com/shorts/EMhfU64vTS4,
https://www.youtube.com/shorts/sooiKQ4mkvA,
https://www.youtube.com/shorts/t-q0BHnqkp8,
https://www.youtube.com/shorts/H5TC6hyqvz0,
https://www.youtube.com/shorts/ot_ohe2zlLc,
https://www.youtube.com/shorts/vYGaVRl-o9Y,
https://www.youtube.com/shorts/Nu__XvTBEjg,
https://www.youtube.com/shorts/VSjI5kPQIEw,
https://www.youtube.com/shorts/rEvF5Hg0Ttw,
https://www.youtube.com/shorts/zGRYR9bZZN8,
https://www.youtube.com/shorts/3VUlpL1__Fo,
https://www.youtube.com/shorts/dyupKMphtes,
https://www.youtube.com/shorts/DPwbRUMgjzU,
https://www.youtube.com/shorts/GDzo_F1lJpo,
https://www.youtube.com/shorts/vDk1eHokYpw,
https://www.youtube.com/shorts/ULo1XwfEAQU,
https://www.youtube.com/shorts/EN6nfrT2Y0c,
https://www.youtube.com/shorts/mnlR_rvnQNg,
https://www.youtube.com/shorts/012tPT1T8DU,
https://www.youtube.com/shorts/K4Qeo8aK6kc,
https://www.youtube.com/shorts/Y8eGN-l_WfM,
https://www.youtube.com/shorts/x0_2AqNpi8k,
https://www.youtube.com/shorts/u50WU-MhAow,
https://www.youtube.com/shorts/awysHhSW2ek,
https://www.youtube.com/shorts/9tv5e949nHY,
https://www.youtube.com/shorts/DKgVRhrWIh4,
https://www.youtube.com/shorts/sm6h6IzMzdo,
https://www.youtube.com/shorts/Z8rEoNc4vtk,
https://www.youtube.com/shorts/7IGinrrnhh4,
https://www.youtube.com/shorts/YJXGxlQwnm4,
https://www.youtube.com/shorts/R_4m1vEvtkY,
https://www.youtube.com/shorts/LVd_Bv21y9U,
https://www.youtube.com/shorts/gmAzmpEUwsg,
https://www.youtube.com/shorts/NUjTTmobxTE,
https://www.youtube.com/shorts/paQKagZwjBw,
https://www.youtube.com/shorts/-LIEW-m-2Qw,
https://www.youtube.com/shorts/VCbRYkTNCSo,
https://www.youtube.com/shorts/VCeMkHGnnZ4,
https://www.youtube.com/shorts/0McxRz7Btrs,
https://www.youtube.com/shorts/3GLsasMNWIk,
https://www.youtube.com/shorts/En4bnjMBUmI,
https://www.youtube.com/shorts/q1L7v1-Eu-o,
https://www.youtube.com/shorts/owq7AMzDvjU,
https://www.youtube.com/shorts/tX40cY6yjmM,
https://www.youtube.com/shorts/mdf5_tIi2EA,
https://www.youtube.com/shorts/v0nl9NDfaAA,
https://www.youtube.com/shorts/JlVXp49Jy_8,
https://www.youtube.com/shorts/_CFK_Uz-Jtk,
https://www.youtube.com/shorts/tPQdCYJq-_I,
https://www.youtube.com/shorts/iEOzZbj8aYw,
https://www.youtube.com/shorts/kd4hPC40Plo,
https://www.youtube.com/shorts/TY7qObogrow,
https://www.youtube.com/shorts/cdDUnK7buN8,
https://www.youtube.com/shorts/oJ9r1xfmFrc,
https://www.youtube.com/shorts/LOCsLo5HigA,
https://www.youtube.com/shorts/3cKmSMYPers,
https://www.youtube.com/shorts/q6Ugg2YBx3U,
https://www.youtube.com/shorts/a07G2SICVoM,
https://www.youtube.com/shorts/MpWo4LIfrbQ,
https://www.youtube.com/shorts/N8PVcrRAsaQ,
https://www.youtube.com/shorts/kHEkjcEpUR4,
https://www.youtube.com/shorts/mbMrUGoj2no,
https://www.youtube.com/shorts/xizaVBnRgBY,
https://www.youtube.com/shorts/Sj8uaNOl_zg,
https://www.youtube.com/shorts/sLDn8f5JCG0,
https://www.youtube.com/shorts/Kld0sqGScnA,
https://www.youtube.com/shorts/xjMJ8vzJPOM,
https://www.youtube.com/shorts/YAp81Zdaxc4,
https://www.youtube.com/shorts/_k0XNOycje0,
https://www.youtube.com/shorts/U-iFP9jtYyg,
https://www.youtube.com/shorts/UJxO46vW8kw,
https://www.youtube.com/shorts/1AD-Mm90XWE,
https://www.youtube.com/shorts/sNTiNXEoYrQ,
https://www.youtube.com/shorts/7RPNgv-y8jg,
https://www.youtube.com/shorts/GmlJLGrUZJo,
https://www.youtube.com/shorts/XCYHtKnJAWM,
https://www.youtube.com/shorts/NsARbQmYzW0,
https://www.youtube.com/shorts/laHsv5YPFz8,
https://www.youtube.com/shorts/zxMILaABdCg,
https://www.youtube.com/shorts/I2crRbquDnE,
https://www.youtube.com/shorts/SBIya-BTomE,
https://www.youtube.com/shorts/oj4iLVA87-8,
https://www.youtube.com/shorts/tMR9n1DxLws,
https://www.youtube.com/shorts/s9kXxSaUvaw,
https://www.youtube.com/shorts/CDl7S62Q5-o,
https://www.youtube.com/shorts/S5bAjqrPsUY,
https://www.youtube.com/shorts/iNl2pMdCjCc,
https://www.youtube.com/shorts/0KKNjOW6UQs,
https://www.youtube.com/shorts/FbzuT7AKeuM,
https://www.youtube.com/shorts/Gm3js6etnw8,
https://www.youtube.com/shorts/sokCa9crxF8,
https://www.youtube.com/shorts/1TREESHUg2w,
https://www.youtube.com/shorts/gj1KKYqx0sQ,
https://www.youtube.com/shorts/ImDMmMppiWM,
https://www.youtube.com/shorts/WettZTZCSro,
https://www.youtube.com/shorts/lQ1WUjtKB3w,
https://www.youtube.com/shorts/AuKiPyOQDRc,
https://www.youtube.com/shorts/OR2ZyvuwUvI,
https://www.youtube.com/shorts/VtYIe3BQtEg,
https://www.youtube.com/shorts/QQLuQguWIMo,
https://www.youtube.com/shorts/Zq2xFfb0hPw,
https://www.youtube.com/shorts/WadEUm7I6Qs,
https://www.youtube.com/shorts/QS9AYl9Y0YI,
https://www.youtube.com/shorts/9CakuYtfvuc,
https://www.youtube.com/shorts/1lMfuzWeH0k,
https://www.youtube.com/shorts/MDwGwYhK7bc,
https://www.youtube.com/shorts/SYRVU_c4iNI,
https://www.youtube.com/shorts/XQ6lm5_oZNE,
https://www.youtube.com/shorts/VZ_5qzFo8QM,
https://www.youtube.com/shorts/kOqoWoIAj9o,
https://www.youtube.com/shorts/XhOX14SH2HA,
https://www.youtube.com/shorts/joaOjsT5Dxo,
https://www.youtube.com/shorts/zrwCw5wJE3o,
https://www.youtube.com/shorts/AmA8Y3el7WY,
https://www.youtube.com/shorts/1zDd-3J1nTg,
https://www.youtube.com/shorts/KOkNgAkqm0s,
https://www.youtube.com/shorts/nfpAaQIpyvc,
https://www.youtube.com/shorts/DysD-812gcM,
https://www.youtube.com/shorts/CCIw_jsDXq0,
https://www.youtube.com/shorts/rSCVA2jqebQ,
https://www.youtube.com/shorts/vXMtOZwScDA,
https://www.youtube.com/shorts/pj82Pthhao4,
https://www.youtube.com/shorts/tjGl_aTeoGQ,
https://www.youtube.com/shorts/g2djlBnYH1I,
https://www.youtube.com/shorts/DHXqIl96OnY,
https://www.youtube.com/shorts/fwOMNxRVaS4,
https://www.youtube.com/shorts/iP72uYH3Wvc,
https://www.youtube.com/shorts/-rhAP7cz8q8,
https://www.youtube.com/shorts/lX-8fUElmTk,
https://www.youtube.com/shorts/FdHdBWMInF8,
https://www.youtube.com/shorts/Hga74SkTjl4,
https://www.youtube.com/shorts/-6RfvhC7dBE,
https://www.youtube.com/shorts/14Zly167UOU,
https://www.youtube.com/shorts/58iQ1qjJcqs,
https://www.youtube.com/shorts/KYIQLwU3-4Y,
https://www.youtube.com/shorts/TullpYaP4Vs,
https://www.youtube.com/shorts/pnCU1Ebl5TY,
https://www.youtube.com/shorts/pPxe8HnmTzg,
https://www.youtube.com/shorts/U4-SkTiBrrY,
https://www.youtube.com/shorts/R3iVmlw8d1w,
https://www.youtube.com/shorts/8YQiShGHn-g,
https://www.youtube.com/shorts/t9XNyZFFPys,
https://www.youtube.com/shorts/VduXPbDnruw,
https://www.youtube.com/shorts/hTf79VEdjMI,
https://www.youtube.com/shorts/IFQpgrdL0T0,
https://www.youtube.com/shorts/clAvSPwV-qs,
https://www.youtube.com/shorts/dfgQjqUrFZY,
https://www.youtube.com/shorts/lBfWo27gfO0,
https://www.youtube.com/shorts/jVymhtWcmEM,
https://www.youtube.com/shorts/-mmjsOxMmeU,
https://www.youtube.com/shorts/76qbPtr0cxo,
https://www.youtube.com/shorts/_KJtiwneCxg,
https://www.youtube.com/shorts/3te9XUuotOI,
https://www.youtube.com/shorts/52_CCM-OmJA,
https://www.youtube.com/shorts/JuijVVweUWU,
https://www.youtube.com/shorts/W2b5Bcy7wIY,
https://www.youtube.com/shorts/o7AQy-n7sos,
https://www.youtube.com/shorts/ByWmRjkNiqs,
https://www.youtube.com/shorts/n5BeAZ7ECvk,
https://www.youtube.com/shorts/jt-H8vLGyjg,
https://www.youtube.com/shorts/H12SwqwR2NE,
https://www.youtube.com/shorts/lZzR0hxPqjI,
https://www.youtube.com/shorts/x8nlLMrHZs4,
https://www.youtube.com/shorts/RNGWqPXcnRg,
https://www.youtube.com/shorts/my4F3BB8y0s,
https://www.youtube.com/shorts/KrtYasOGibU,
https://www.youtube.com/shorts/sdsC8kY9ncU,
https://www.youtube.com/shorts/6tw26aTYaMI,
https://www.youtube.com/shorts/GhT7GLq3XjY,
https://www.youtube.com/shorts/0MBqXPvqsVw,
https://www.youtube.com/shorts/Rd0UqlRf1eE,
https://www.youtube.com/shorts/ge-_9HrIL5U,
https://www.youtube.com/shorts/68LjlTy7U8c,
https://www.youtube.com/shorts/mguMf1gkkXk,
https://www.youtube.com/shorts/vCAcDml5EhA,
https://www.youtube.com/shorts/k5W3HMmxTd8,
https://www.youtube.com/shorts/zPmj_n-NIZM,
https://www.youtube.com/shorts/NLJFdF4xHxk,
https://www.youtube.com/shorts/1UeWVvH2GNU,
https://www.youtube.com/shorts/la_Or-PuP7Q,
https://www.youtube.com/shorts/PGxLDf6D5qk,
https://www.youtube.com/shorts/Lkmax4enBAU,
https://www.youtube.com/shorts/A6lALjLl26U,
https://www.youtube.com/shorts/50H8E_ulNow,
https://www.youtube.com/shorts/oxoWhyS9buA,
https://www.youtube.com/shorts/h6GmNyCFiF0,
https://www.youtube.com/shorts/kl8Pp7lhzC4,
https://www.youtube.com/shorts/d3eSKkEvroA,
https://www.youtube.com/shorts/7uq-Me2lzAw,
https://www.youtube.com/shorts/XFDWMFXbDlk,
https://www.youtube.com/shorts/VrouKpaVQUM,
https://www.youtube.com/shorts/Mdr1JLQxj_o,
https://www.youtube.com/shorts/GJTC-174Eck,
https://www.youtube.com/shorts/602LKoXRKt4,
https://www.youtube.com/shorts/I36bVoNSCNo,
https://www.youtube.com/shorts/q4RT_nxtxew,
https://www.youtube.com/shorts/_R1Mq0MwHPM,
https://www.youtube.com/shorts/voXs1SX2dQI,
https://www.youtube.com/shorts/AzTmzDeupkc,
https://www.youtube.com/shorts/Rozzgh-8hyo,
https://www.youtube.com/shorts/YpGrH4kJouc,
https://www.youtube.com/shorts/8zafLJXp_NY,
https://www.youtube.com/shorts/iDxcntK5qSA,
https://www.youtube.com/shorts/AE1Dw7lCtQo,
https://www.youtube.com/shorts/8Umu_w_65Qs,
https://www.youtube.com/shorts/sR61TAsoieQ,
https://www.youtube.com/shorts/GSWgw26MDks,
https://www.youtube.com/shorts/rK299fKvPZA,
https://www.youtube.com/shorts/4Kq0Xqfb-_0,
https://www.youtube.com/shorts/RJi8X3rogWg,
https://www.youtube.com/shorts/HhQNB7E4DXg,
https://www.youtube.com/shorts/Qs0EQfPAGL0,
https://www.youtube.com/shorts/wQPlEBymvdE,
https://www.youtube.com/shorts/cuxjy2HRPgc,
https://www.youtube.com/shorts/w44-tChC014,
https://www.youtube.com/shorts/oN7cINvkkXo,
https://www.youtube.com/shorts/Qw9w7heeoyc,
https://www.youtube.com/shorts/AVGLXw5PpBU,
https://www.youtube.com/shorts/3WRg1BkFXmU,
https://www.youtube.com/shorts/7pIeeOuk_FQ,
https://www.youtube.com/shorts/aPCXMlstLco,
https://www.youtube.com/shorts/mOxau8sH_1g,
https://www.youtube.com/shorts/6o5lg1Wy8rM,
https://www.youtube.com/shorts/RsP7PhHwVfw,
https://www.youtube.com/shorts/0TnzG62SGfE,
https://www.youtube.com/shorts/VFHy85jcYpc,
https://www.youtube.com/shorts/9OrjIg-Qsr4,
https://www.youtube.com/shorts/WyF-1PwAUlg,
https://www.youtube.com/shorts/c4ocpeP_ol4,
https://www.youtube.com/shorts/nzTG9PQYZGo,
https://www.youtube.com/shorts/nc1F0jkCYrU,
https://www.youtube.com/shorts/3w7_0AbLTUY,
https://www.youtube.com/shorts/NlY-ezpykAk,
https://www.youtube.com/shorts/9csgzpejFrE,
https://www.youtube.com/shorts/4YQ5znIYxK4,
https://www.youtube.com/shorts/JQxQqdn9dEM,
https://www.youtube.com/shorts/9zptUb1eDTU,
https://www.youtube.com/shorts/HDt5tHU9cy4,
https://www.youtube.com/shorts/P-CHriyiBLE,
https://www.youtube.com/shorts/pLO9-vFalUc,
https://www.youtube.com/shorts/T3dsSe0gAhE,
https://www.youtube.com/shorts/YikLbh-Hpck,
https://www.youtube.com/shorts/w09RpSumTX8,
https://www.youtube.com/shorts/NOK1aOfHkFQ,
https://www.youtube.com/shorts/Le72D4dp4sg,
https://www.youtube.com/shorts/Dvvjwu_VqNQ,
https://www.youtube.com/shorts/SB7wcZ6yV8Y,
https://www.youtube.com/shorts/q0YZU8wL4Fg,
https://www.youtube.com/shorts/qV5HC8WNTe8,
https://www.youtube.com/shorts/6bHHnPYyfJ0,
https://www.youtube.com/shorts/QjA2h8w33XI,
https://www.youtube.com/shorts/nxAcm1INWk0,
https://www.youtube.com/shorts/IExhIiVo4LU,
https://www.youtube.com/shorts/TdPHvhqRWPI,
https://www.youtube.com/shorts/qwZJ4c0xXXE,
https://www.youtube.com/shorts/9Tu0G8G10Gs,
https://www.youtube.com/shorts/UCDI42mN53c,
https://www.youtube.com/shorts/81GEW5foTWA,
https://www.youtube.com/shorts/6aTlQBHSWnk,
https://www.youtube.com/shorts/MDZzs0rokSs,
https://www.youtube.com/shorts/on1Cpt3PtUA,
https://www.youtube.com/shorts/HvguzUNgf5c,
https://www.youtube.com/shorts/cvO0QhRp9zA,
https://www.youtube.com/shorts/-iGfO8Q4rE4,
https://www.youtube.com/shorts/hnNypWNSyOg,
https://www.youtube.com/shorts/KtYJ2peOGEo,
https://www.youtube.com/shorts/Q7wuEuM2lwk,
https://www.youtube.com/shorts/pFqTRbOnhVo,
https://www.youtube.com/shorts/LJ8Pb7aTOuY,
https://www.youtube.com/shorts/9CFC7EFYQ6U,
https://www.youtube.com/shorts/krPXQyHIJIg,
https://www.youtube.com/shorts/0NpdAPDrgmE,
https://www.youtube.com/shorts/Nui8R_xkyL4,
https://www.youtube.com/shorts/LOCIQxy0ezs,
https://www.youtube.com/shorts/oqI7gsMNk2s,
https://www.youtube.com/shorts/QKOAlrNmSEQ,
https://www.youtube.com/shorts/po71Uum4sBw,
https://www.youtube.com/shorts/-6NN1DYZQM8,
https://www.youtube.com/shorts/IjmUJMetO1Y,
https://www.youtube.com/shorts/TIfgvLOnh7w,
https://www.youtube.com/shorts/wvlTj38yWpM,
https://www.youtube.com/shorts/MFY0fyItYN4,
https://www.youtube.com/shorts/o1VNPzyKVKo,
https://www.youtube.com/shorts/kI1hIrmZYZM,
https://www.youtube.com/shorts/1mp6V4j3yfQ,
https://www.youtube.com/shorts/S_JQhOg0tGA,
https://www.youtube.com/shorts/1bjba5Oj0io,
https://www.youtube.com/shorts/8KM27VylQ5g,
https://www.youtube.com/shorts/g_wuoInNyAI,
https://www.youtube.com/shorts/fvB_tUeXiVM,
https://www.youtube.com/shorts/nGSFGwVgt5w,
https://www.youtube.com/shorts/1x3R8xb7SVA,
https://www.youtube.com/shorts/WegajGQBV-E,
https://www.youtube.com/shorts/-KYQt9wwR3c,
https://www.youtube.com/shorts/5XyAF0xic1k,
https://www.youtube.com/shorts/OXHCt8Ym9gw,
https://www.youtube.com/shorts/2X9QoWcICd0,
https://www.youtube.com/shorts/p1MkeYB1dPY,
https://www.youtube.com/shorts/yMw_3nO3-BQ,
https://www.youtube.com/shorts/1FwkDSs0YDY,
https://www.youtube.com/shorts/YliDfhixNLE,
https://www.youtube.com/shorts/tKL6u2cVobY,
https://www.youtube.com/shorts/wt1mZ68B03g,
https://www.youtube.com/shorts/MiWhKtsQKDY,
https://www.youtube.com/shorts/DSHmrD1j8AY,
https://www.youtube.com/shorts/rS0P-tIq4Wk,
https://www.youtube.com/shorts/b-Ud9lcv4s0,
https://www.youtube.com/shorts/iLycuRm1V0Q,
https://www.youtube.com/shorts/bAledCEsPFs,
https://www.youtube.com/shorts/dEMkO06cc60,
https://www.youtube.com/shorts/a30myoyPTEY,
https://www.youtube.com/shorts/nKuHKt9PXO4,
https://www.youtube.com/shorts/vF122HINxe4,
https://www.youtube.com/shorts/hSIC5xwBw6o,
https://www.youtube.com/shorts/PSsksRmtr84,
https://www.youtube.com/shorts/2642wWT7gxw,
https://www.youtube.com/shorts/0FR21TMRNtU,
https://www.youtube.com/shorts/0JBR9LkIgqU,
https://www.youtube.com/shorts/coqH_kHaW4g,
https://www.youtube.com/shorts/CYahWF0t9Kg,
https://www.youtube.com/shorts/W3NbWIogn2k,
https://www.youtube.com/shorts/lYc5wXUUYos,
https://www.youtube.com/shorts/RFTa6_aXNDU,
https://www.youtube.com/shorts/E2EHYWwUlBU,
https://www.youtube.com/shorts/yN0Wq3Cb3rI,
https://www.youtube.com/shorts/pdPfQA6FJCU,
https://www.youtube.com/shorts/4pj3ycklIPc,
https://www.youtube.com/shorts/9D-hwA8c2yM,
https://www.youtube.com/shorts/EFDguBlzb0o,
https://www.youtube.com/shorts/24kx2wPHuRQ,
https://www.youtube.com/shorts/3y4bywAE40Q,
https://www.youtube.com/shorts/JXmvj_qARJo,
https://www.youtube.com/shorts/Knu6j73KlwU,
https://www.youtube.com/shorts/_VjGI0cSTMg,
https://www.youtube.com/shorts/_2YAjwJjvYI,
https://www.youtube.com/shorts/-bh5kzIz5ys,
https://www.youtube.com/shorts/Pb5e6477zzs,
https://www.youtube.com/shorts/xr8LQdlXsvY,
https://www.youtube.com/shorts/1Hzp64KXSe4,
https://www.youtube.com/shorts/BSxCySDz4dk,
https://www.youtube.com/shorts/YLtvhr48cg4,
https://www.youtube.com/shorts/ipMp7wFlD3E,
https://www.youtube.com/shorts/u0eGAUN090M,
https://www.youtube.com/shorts/wmzgVzmkVJc,
https://www.youtube.com/shorts/587uYm771ho,
https://www.youtube.com/shorts/0LQzXil0HMk,
https://www.youtube.com/shorts/uZQhVz00cqo,
https://www.youtube.com/shorts/tk0Psxs045g,
https://www.youtube.com/shorts/VcbiIlHYsLA,
https://www.youtube.com/shorts/tOjRWL71yFU,
https://www.youtube.com/shorts/oOjIvdM3IZs,
https://www.youtube.com/shorts/jsvtibXIpok,
https://www.youtube.com/shorts/01-6u8rzuG0,
https://www.youtube.com/shorts/ZrJcviCcU1k,
https://www.youtube.com/shorts/_gz6AV1ycvM,
https://www.youtube.com/shorts/2UFFBQjyQIU,
https://www.youtube.com/shorts/rfhI_6LsKTg,
https://www.youtube.com/shorts/XLvhLK7tja4,
https://www.youtube.com/shorts/rPbwtTjyRTU,
https://www.youtube.com/shorts/_Ih3GL-Zlwo,
https://www.youtube.com/shorts/GSFTeU1aVTI,
https://www.youtube.com/shorts/KRpDZ1uCqDI,
https://www.youtube.com/shorts/3LOa6I3n-hk,
https://www.youtube.com/shorts/tWKiYppQoNI,
https://www.youtube.com/shorts/QbB1v7RI5iU,
https://www.youtube.com/shorts/gkA-GlAyxHE,
https://www.youtube.com/shorts/v22K_Cyvspw,
https://www.youtube.com/shorts/jrSsNzsi4eQ,
https://www.youtube.com/shorts/BRYAWqGjmPo,
https://www.youtube.com/shorts/FSOxXsYVJMQ,
https://www.youtube.com/shorts/ur8JafmqqN0,
