url,ai
https://www.tiktok.com/@aiflaivors/video/7594285007565311262,
https://www.tiktok.com/@talkingthingsss/video/7602399043918007574,
https://www.tiktok.com/@theboldszn/video/7601236351677222147,
https://www.tiktok.com/@frizzonx/video/7569496533196999967,
https://www.tiktok.com/@aiflaivors/video/7561218779993083167,
https://www.tiktok.com/@tinylittleworld0/video/7591870132880690445,
https://www.tiktok.com/@juliesstuff1/video/7559963034735758605,
https://www.tiktok.com/@grilitrare/video/7602486513493937422,
https://www.tiktok.com/@getconch.ai/video/7212290152171851054,
https://www.tiktok.com/@cameoed.sora/video/7603792732473036062,
https://www.tiktok.com/@ai_chaos_slop/video/7580028671474404621,
https://www.tiktok.com/@mxsti9/video/7574455402713156871,
https://www.tiktok.com/@generationai/photo/7346923297268976928,
https://www.tiktok.com/@aiiimages/video/7489571200100748552,
https://www.tiktok.com/@phil.slomberjork/video/7589909696719441207,
https://www.tiktok.com/@mustardmaster54/video/7600475107571649823,
https://www.tiktok.com/@catfilm06/video/7544411258582306061,
https://www.tiktok.com/@camrinscorner/photo/7319529951428906270,
https://www.tiktok.com/@muxarts/video/7537958266836503864,
https://www.tiktok.com/@sasquatchnchill/video/7603940454702271758,
https://www.tiktok.com/@kreadul/video/7605190875286719766,
https://www.tiktok.com/@soovoxai/video/7516139749212491030,
https://www.tiktok.com/@peculiardreamz/video/7520385990805048606,
https://www.tiktok.com/@mpminds/video/7357355293254225184,
https://www.tiktok.com/@speedyliving/video/7569376616309132566,
https://www.tiktok.com/@kingdayofilms2/video/7591679784594230542,
https://www.tiktok.com/@thinking.ai.jp/video/7570573329250159890,
https://www.tiktok.com/@nexinoff/video/7443555201405062456,
https://www.tiktok.com/@edmundsplanet/video/7172637057406258438,
https://www.tiktok.com/@grayakids/video/7592676036404366614,
https://www.tiktok.com/@aiflaivors/video/7545619283565432095,
https://www.tiktok.com/@tinylittleworld0/video/7597028270709771534,
https://www.tiktok.com/@global.gxm/video/7604757855928880398,
https://www.tiktok.com/@aiweirdo_/video/7604961896365591830,
https://www.tiktok.com/@lofilegendss/video/7560853555125439799,
https://www.tiktok.com/@faceless.inc.proj/video/7599042091905191170,
https://www.tiktok.com/@toons.tunes/photo/7283891939152334112,
https://www.tiktok.com/@artifical42/video/7602268465071738143,
https://www.tiktok.com/@talkingthingsss/video/7600551475529436438,
https://www.tiktok.com/@wewillai/video/7488827332598172950,
https://www.tiktok.com/@longliveai/video/7582965065280785686,
https://www.tiktok.com/@broccolicheddarrr/video/7601314224064744717,
https://www.tiktok.com/@marchtrends/video/7602567164834483467,
https://www.tiktok.com/@wasd.jk/video/7584234410967387399,
https://www.tiktok.com/@ai.fantasy.0/video/7565621878719630610,
https://www.tiktok.com/@irreverent_ai/video/7564516064277679415,
https://www.tiktok.com/@cchy1641/video/7605448461785369877,
https://www.tiktok.com/@insidersai/video/7596653239844506912,
https://www.tiktok.com/@echoparadoxai/video/7582612034550828310,
https://www.tiktok.com/@beast._.ai/video/7576637948855127318,
https://www.tiktok.com/@itssyaahboyea/video/7600334183415811346,
https://www.tiktok.com/@vbunnygo/video/7050653495879503151,
https://www.tiktok.com/@hacks_life0/video/7592252994079509782,
https://www.tiktok.com/@longliveai/video/7562510922892266774,
https://www.tiktok.com/@iamsammieai/video/7603706583205301526,
https://www.tiktok.com/@topfyeranked/video/7569268923498024205,
https://www.tiktok.com/@animation_world_no_1/video/7592811652106571038,
https://www.tiktok.com/@s1mplyzzzz/video/7393828494179831071,
https://www.tiktok.com/@ethan.d049/video/7483838658873789702,
https://www.tiktok.com/@hanna_parent/video/7510253743284260126,
https://www.tiktok.com/@ai_abuser__/photo/7316961050207784224,
https://www.tiktok.com/@eatsbyai/video/7604268488840006919,
https://www.tiktok.com/@dayli.pov/video/7497947066295995670,
https://www.tiktok.com/@tinylittleworld0/video/7596074254425197879,
https://www.tiktok.com/@richbabeai/video/7606036175526120718,
https://www.tiktok.com/@anagkaiart/video/7586328150334835975,
https://www.tiktok.com/@stepsyncbeat/video/7504595707337264414,
https://www.tiktok.com/@pistol.ak.47/video/7602735126514093334,
https://www.tiktok.com/@adeelanimation3/video/7577596741512400151,
https://www.tiktok.com/@aivory3d/video/7568840198210014486,
https://www.tiktok.com/@commentaryhasan/video/7555347634756570398,
https://www.tiktok.com/@longliveai/video/7568626908808744215,
https://www.tiktok.com/@jqvi1919/video/7591826047176297758,
https://www.tiktok.com/@ai.a.i.a.i/video/7605354004838616342,
https://www.tiktok.com/@mrtrallaloo/video/7493570429483846934,
https://www.tiktok.com/@amandatovar/video/7537901998163660037,
https://www.tiktok.com/@charrxlouise.ugc/video/7604949431317794070,
https://www.tiktok.com/@the_rapyai/video/7589389250555071766,
https://www.tiktok.com/@trevorsai/video/7600054839774579990,
https://www.tiktok.com/@mpwild/video/7454282058253290774,
https://www.tiktok.com/@ai.fantasy.0/video/7597287089650060562,
https://www.tiktok.com/@chillgozi/video/7602291903501012232,
https://www.tiktok.com/@ultravfx1/video/7469105497937923383,
https://www.tiktok.com/@queenlibas.official/video/7596509238902525206,
https://www.tiktok.com/@genie_ai/video/7575001350854102275,
https://www.tiktok.com/@user715513375906/video/7595499294967516419,
https://www.tiktok.com/@boogiebug0/video/7596114833477537054,
https://www.tiktok.com/@cribchronicles.ai/video/7600977340973305119,
https://www.tiktok.com/@longliveai/video/7571589783730801942,
https://www.tiktok.com/@longliveai/video/7568282544102313238,
https://www.tiktok.com/@allnatural.ai/video/7605871037611265283,
https://www.tiktok.com/@mollyai2/video/7601117666866105622,
https://www.tiktok.com/@mageco_ai/video/7594786672387083528,
https://www.tiktok.com/@dog_and_baby__/video/7558881191714213128,
https://www.tiktok.com/@edits.by.roman/video/7604170327219916063,
https://www.tiktok.com/@longliveai/video/7572588903748734230,
https://www.tiktok.com/@ben10omni4/video/7595326502648974605,
https://www.tiktok.com/@movely_ai/video/7598032426308226334,
https://www.tiktok.com/@kreadul/video/7604453598101114134,
https://www.tiktok.com/@danielmozeley/photo/7227145924785589531,
https://www.tiktok.com/@melhardk1/video/7586449303908961567,
https://www.tiktok.com/@cutieloop0/video/7594864634667027730,
https://www.tiktok.com/@abigailwhhitee/video/7201722199990930731,
https://www.tiktok.com/@ceryssee/video/7601104496013348118,
https://www.tiktok.com/@aiiimages/video/7490683269869047048,
https://www.tiktok.com/@boogiebug0/video/7536764964506324254,
https://www.tiktok.com/@goldenteardrops1/video/7606454850196442398,
https://www.tiktok.com/@jajaitsai/video/7601745547250142519,
https://www.tiktok.com/@modernconstruction01/video/7548854480629026070,
https://www.tiktok.com/@predmet_ai/video/7490263325046082823,
https://www.tiktok.com/@amateur_grim.spo/video/7174499022172917038,
https://www.tiktok.com/@didyoutool/video/7599639713108069644,
https://www.tiktok.com/@asightforsoraeyes/video/7564956297028717879,
https://www.tiktok.com/@simpledahni/video/7572474529226804510,
https://www.tiktok.com/@cloneaiapp/video/7593733846680505620,
https://www.tiktok.com/@aihub_fun/video/7592012681876344084,
https://www.tiktok.com/@clipstories27/video/7603360379598621974,
https://www.tiktok.com/@mahlukmarstv1/video/7599248358158404865,
https://www.tiktok.com/@joi.ai.official/video/7585232842188180766,
https://www.tiktok.com/@theaicontentgoat/video/7601630508837014797,
https://www.tiktok.com/@0804emy/video/7508825261555633414,
https://www.tiktok.com/@ai_coverdance/video/7593164461331041537,
https://www.tiktok.com/@perfektlyunknown/video/7592892798785948959,
https://www.tiktok.com/@feltadventures/video/7529528961982844182,
https://www.tiktok.com/@kreadul/video/7590720713754021142,
https://www.tiktok.com/@nec1husa/video/7604430848720375048,
https://www.tiktok.com/@cnbc/video/7606454781795749134,
https://www.tiktok.com/@dcneocdz328/video/7581360864889015566,
https://www.tiktok.com/@darkfaker14/video/7569967083077848350,
https://www.tiktok.com/@onlygoofymfvids/video/7564198459067174157,
https://www.tiktok.com/@kikio7417/video/7605212208569519373,
https://www.tiktok.com/@aibizarrely/video/7593119233496583455,
https://www.tiktok.com/@double_tails/video/7176372525239143686,
https://www.tiktok.com/@sunt.mrr/video/7443396274897816888,
https://www.tiktok.com/@synthtok02/video/7558751007799381278,
https://www.tiktok.com/@quasihuman/video/7594964160631360789,
https://www.tiktok.com/@amogussussy02/video/7605580701966060822,
https://www.tiktok.com/@hacks_life0/video/7597184228429778198,
https://www.tiktok.com/@luca.creates.ai/video/7604492444079623446,
https://www.tiktok.com/@boogiebug0/video/7604286765528124702,
https://www.tiktok.com/@joliemlinares/video/7295821968622832938,
https://www.tiktok.com/@benkimball.ai/video/7600242084540321055,
https://www.tiktok.com/@aaronpoint24/video/7417355431376391431,
https://www.tiktok.com/@blackballedgang/video/7577171547681574174,
https://www.tiktok.com/@hyqaetai/video/7558891063809690888,
https://www.tiktok.com/@iamsammieai/video/7605614800235810070,
https://www.tiktok.com/@theboldszn/video/7579717913003986198,
https://www.tiktok.com/@ai_ilescu/video/7599056337917447446,
https://www.tiktok.com/@vin.ai93/video/7387709429694696709,
https://www.tiktok.com/@rankmonkey3000/video/7585218084068150541,
https://www.tiktok.com/@hm.touhidul/video/7579328341853883656,
https://www.tiktok.com/@boogiebug0/video/7578683880404782366,
https://www.tiktok.com/@zzyue0609/video/7601618844414659871,
https://www.tiktok.com/@bandaika/video/7596953034861710614,
https://www.tiktok.com/@daisystudios.ai/video/7560186737855614239,
https://www.tiktok.com/@gooner_republic/video/7549454720063065358,
https://www.tiktok.com/@funnymemesai0/video/7593822863644298518,
https://www.tiktok.com/@randomaiclips/video/7580721513515568398,
https://www.tiktok.com/@momof2dogs2boys/video/7592276561819176222,
https://www.tiktok.com/@whatsnew126/video/7593177925625761027,
https://www.tiktok.com/@48998619i/video/7509301125166664982,
https://www.tiktok.com/@luden.ai/video/7566171347102059831,
https://www.tiktok.com/@mywaifu_productions/video/7588740102394793238,
https://www.tiktok.com/@ineffable.ai22/video/7597130204099742998,
https://www.tiktok.com/@wearft/video/7599404844041997570,
https://www.tiktok.com/@benkimball.ai/video/7600561549975113015,
https://www.tiktok.com/@nec1husa/video/7601942078158916871,
https://www.tiktok.com/@nightmarecanvas/video/7433998517615512874,
https://www.tiktok.com/@umusicjapan/video/7605943151471234312,
https://www.tiktok.com/@umusicjapan/video/7603739344444116244,
https://www.tiktok.com/@faceless.inc.proj/video/7578633386260958486,
https://www.tiktok.com/@fullguap/video/7582827811895856398,
https://www.tiktok.com/@animandopinterest/video/7556464954786794763,
https://www.tiktok.com/@malefic_hunter/video/7553256712577305868,
https://www.tiktok.com/@kingvonfrmparkway/video/7603837893370580246,
https://www.tiktok.com/@ijustlostmydaawgg/video/7492340472493526302,
https://www.tiktok.com/@hyperoom12/video/7604450838509128992,
https://www.tiktok.com/@my.my00305/video/7572613924768533767,
https://www.tiktok.com/@..ailand/video/7596827950352321814,
https://www.tiktok.com/@f4426jx/video/7558608131886943510,
https://www.tiktok.com/@franklyimlucas/video/7584352684132666638,
https://www.tiktok.com/@urprogram/video/7579327456872582413,
https://www.tiktok.com/@cringeai_videos/video/7449702094069599496,
https://www.tiktok.com/@boogiebug0/video/7601700202038234399,
https://www.tiktok.com/@lily.melt7/video/7588840147840470303,
https://www.tiktok.com/@iseenthatai/video/7565653523661212983,
https://www.tiktok.com/@oscarthomas53/video/7588197096621165854,
https://www.tiktok.com/@dailymisinformer/video/7606314858090368287,
https://www.tiktok.com/@mraimeson/video/7581561344982306079,
https://www.tiktok.com/@aivids164/video/7597007964372749590,
https://www.tiktok.com/@umusicjapan/video/7606164064347213076,
https://www.tiktok.com/@wellcoffee1/video/7557212497980181815,
https://www.tiktok.com/@.nelstar/video/7595651795536416022,
https://www.tiktok.com/@ai.rickyy/video/7514975579368705287,
https://www.tiktok.com/@makeaigreatagain47/video/7496892021152566548,
https://www.tiktok.com/@facelessfactoryai/video/7598968008219905311,
https://www.tiktok.com/@cat.donalds/video/7503222108088978730,
https://www.tiktok.com/@umusicjapan/video/7603271693640977685,
https://www.tiktok.com/@xena_0110/video/7565797413433249031,
https://www.tiktok.com/@shiguangband/video/7597403219953765663,
https://www.tiktok.com/@aitrend.viral/video/7591349185509592350,
https://www.tiktok.com/@babycelebrity01/video/7600454313206435094,
https://www.tiktok.com/@aiiimages/video/7485907455998725394,
https://www.tiktok.com/@aiwonders19/video/7597001919546035511,
https://www.tiktok.com/@bark_frenzy/video/7601745463896755470,
https://www.tiktok.com/@aiclip815/video/7598449897590869262,
https://www.tiktok.com/@creeepzy.fm/video/7560705565232581921,
https://www.tiktok.com/@theaisurfer/video/7593160847057308941,
https://www.tiktok.com/@fullguap/video/7564155187808472334,
https://www.tiktok.com/@cliphub478/video/7580849452726930719,
https://www.tiktok.com/@gor1lluh/video/7599257639972785438,
https://www.tiktok.com/@aikeiten/video/7535363102737468680,
https://www.tiktok.com/@fullguap/video/7572588923688406286,
https://www.tiktok.com/@morganozia/video/7495403566715161862,
https://www.tiktok.com/@speedmemes3334/video/7600991269384506655,
https://www.tiktok.com/@kreadul/video/7595233164029676822,
https://www.tiktok.com/@ai_robot_humanoid/video/7549864985040522518,
https://www.tiktok.com/@cliphub478/video/7594644212717587767,
https://www.tiktok.com/@gennextia/video/7575264220661517576,
https://www.tiktok.com/@fullguap/video/7579342679687859470,
https://www.tiktok.com/@816ai_video/video/7597363524729310477,
https://www.tiktok.com/@waifusanimationsai/video/7606160292636118293,
https://www.tiktok.com/@gigieats_/video/7524395123753389326,
https://www.tiktok.com/@suburayangu/video/7602469824781880583,
https://www.tiktok.com/@amp_leah/video/7602060228519071006,
https://www.tiktok.com/@aitrend.viral/video/7592381235415092511,
https://www.tiktok.com/@jalapimedia/video/7593347273761836318,
https://www.tiktok.com/@racreatorai/video/7596912263701875990,
https://www.tiktok.com/@shiverchain/video/7519855912153124118,
https://www.tiktok.com/@dexx_labs/video/7532505232463432982,
https://www.tiktok.com/@allnatural.ai/video/7603421997917277462,
https://www.tiktok.com/@jfhcsd53/video/7570364441578048798,
https://www.tiktok.com/@aifruitslicing/video/7520496026143165709,
https://www.tiktok.com/@reeve_keanu/video/6959056513713327366,
https://www.tiktok.com/@a.i.smr.vids/video/7583171002264325389,
https://www.tiktok.com/@smellycon/video/7528217456536587534,
https://www.tiktok.com/@talkingthingsss/video/7602307434631269654,
https://www.tiktok.com/@dubemzzz/video/7593515107267710230,
https://www.tiktok.com/@snornchortle0/video/7602207864144301342,
https://www.tiktok.com/@her.wealthy.era/video/7585297991418924306,
https://www.tiktok.com/@ai.thing4/video/7554206634289974545,
https://www.tiktok.com/@alexusesai/video/7606413283494563094,
https://www.tiktok.com/@iamsammieai/video/7606037163569876246,
https://www.tiktok.com/@whatsnew126/video/7593583358869851414,
https://www.tiktok.com/@dusk2faded/video/7586774130276486431,
https://www.tiktok.com/@chickennoodle266/video/7596956767121116447,
https://www.tiktok.com/@crappy.games/video/7592365476735372566,
https://www.tiktok.com/@broda_2much/video/7592136831886462230,
https://www.tiktok.com/@danielaturrubiartes93/video/7599177958204558599,
https://www.tiktok.com/@aiofficialtiktok/video/7584377425564323090,
https://www.tiktok.com/@blue_unit/video/7594492688628714754,
https://www.tiktok.com/@chimpanzee1980/video/7597797416594869526,
https://www.tiktok.com/@chase.privateshop/video/7560553544852524343,
https://www.tiktok.com/@prirods0/video/7491690599515540744,
https://www.tiktok.com/@storiestv4u/video/7536588441325227286,
https://www.tiktok.com/@boogiebug0/video/7606877772908137758,
https://www.tiktok.com/@cognitechlabs/video/7501319433944648982,
https://www.tiktok.com/@dudeongpt/video/7490559458079264031,
https://www.tiktok.com/@masteroogwgayx/video/7606872127974690080,
https://www.tiktok.com/@aiofficialtiktok/video/7584748651537255687,
https://www.tiktok.com/@amari.2k0/video/7584582497447546126,
https://www.tiktok.com/@poweredonai/video/7592554754576764167,
https://www.tiktok.com/@ai.content251/video/7606573774095355150,
https://www.tiktok.com/@aiofficialtiktok/video/7605530410054864149,
https://www.tiktok.com/@xzep30397it/video/7604102201157422350,
https://www.tiktok.com/@devjiggy/video/7592575668479610132,
https://www.tiktok.com/@aiofficialtiktok/video/7606272480180833544,
https://www.tiktok.com/@kreadul/video/7604826038119566594,
https://www.tiktok.com/@boogiebug0/video/7606863988164513054,
https://www.tiktok.com/@aicenturyclips/video/7322892192589253921,
https://www.tiktok.com/@ai.nightmarefuel/video/7482821137941024006,
https://www.tiktok.com/@iamjesserichards/video/7601276627611421983,
https://www.tiktok.com/@deadinternetheory/video/7495347818106817814,
https://www.tiktok.com/@ider790/video/7519088580724133138,
https://www.tiktok.com/@loopbite_/video/7521585574453529886,
https://www.tiktok.com/@boogiebug0/video/7580894581777059103,
https://www.tiktok.com/@pamelapalmer19913/video/7541777060319006007,
https://www.tiktok.com/@cocoforcode/video/7572847703412034830,
https://www.tiktok.com/@veoguy/video/7529834602664299798,
https://www.tiktok.com/@fall_alt/video/7590036852443237654,
https://www.tiktok.com/@luca.creates.ai/video/7606153225577729302,
https://www.tiktok.com/@..ailand/video/7600867926375271702,
https://www.tiktok.com/@aiofficialtiktok/video/7573616490142797064,
https://www.tiktok.com/@jajaitsai/video/7606427459105443085,
https://www.tiktok.com/@saileisie_studio/video/7598933853922807071,
https://www.tiktok.com/@vioai_app/video/7494174739032706311,
https://www.tiktok.com/@biggesthater23/video/7598700000058543374,
https://www.tiktok.com/@alicee.mor/video/7604471843067645205,
https://www.tiktok.com/@samsaeb33/video/7595761880178674962,
https://www.tiktok.com/@aiflaivors/video/7575799266371767582,
https://www.tiktok.com/@ai.honkie/video/7591429139580652822,
https://www.tiktok.com/@maturitycheck2/video/7602629343197613334,
https://www.tiktok.com/@ai.fantasy.0/video/7571562562785938696,
https://www.tiktok.com/@.sheikhni65/video/7599478893950635272,
https://www.tiktok.com/@sora_creatives/video/7582920552088669470,
https://www.tiktok.com/@urrfavoritegirl2/video/7519592003844230430,
https://www.tiktok.com/@ai__beautiful_girl/video/7484036710179884306,
https://www.tiktok.com/@dosasamosa/video/7568172881780296990,
https://www.tiktok.com/@zzyue0609/video/7606023914107522334,
https://www.tiktok.com/@eatsbyai/video/7605064157351660808,
https://www.tiktok.com/@adriano.explores/video/7605800975554628886,
https://www.tiktok.com/@sugargirl5806/video/7592515567962295559,
https://www.tiktok.com/@cityofstarsai/video/7606685091368062230,
https://www.tiktok.com/@davin.davis13/video/7606384746909748493,
https://www.tiktok.com/@boogiebug0/video/7607256671315971358,
https://www.tiktok.com/@tea4me._/video/7532950265360600350,
https://www.tiktok.com/@ai.fantasy.0/video/7596793287189499154,
https://www.tiktok.com/@sirandrewlai/video/7605433180774042894,
https://www.tiktok.com/@4theluvofai/video/7587638253960826125,
https://www.tiktok.com/@nextlevelproduction2/video/7603238207379033375,
https://www.tiktok.com/@3rdlegpushups/video/7598572266808495391,
https://www.tiktok.com/@aivideo7461/video/7605365101012569366,
https://www.tiktok.com/@baby_ariella4/video/7598630688526437687,
https://www.tiktok.com/@aiflaivors/video/7546820227804220703,
https://www.tiktok.com/@aithienvo/video/7598775612404272415,
https://www.tiktok.com/@mustcopfinds/video/7606818269403630862,
https://www.tiktok.com/@youloveclashhh/video/7605227250606230797,
https://www.tiktok.com/@icatzone/video/7526410856800865549,
https://www.tiktok.com/@skibi.white/video/7600485102971276564,
https://www.tiktok.com/@aiflaivors/video/7581955733638434078,
https://www.tiktok.com/@fun.video750/video/7598736650868428055,
https://www.tiktok.com/@cr7_editsbellingold/video/7593694162780704022,
https://www.tiktok.com/@faceless.inc.proj/video/7605273385676852502,
https://www.tiktok.com/@sprirzx/video/7540240766916939021,
https://www.tiktok.com/@nicolasimagine/video/7607255030978317589,
https://www.tiktok.com/@jeffreyrolek/video/7583653917712551182,
https://www.tiktok.com/@iloveai772/video/7562999475531271455,
https://www.tiktok.com/@aiflaivors/video/7562246531319991583,
https://www.tiktok.com/@ai_chaos_slop/video/7607107002757664014,
https://www.tiktok.com/@charrxlouise.ugc/video/7602383972353592598,
https://www.tiktok.com/@dollydoesvlogs/video/7606859840304057614,
https://www.tiktok.com/@nfahofc_x/video/7520622441115307282,
https://www.tiktok.com/@flokre8/video/7590433254251973910,
https://www.tiktok.com/@mywaifu_productions/video/7599903911239011606,
https://www.tiktok.com/@r.c0ded/video/7607282781416164621,
https://www.tiktok.com/@ai.creations235/video/7592789424061156630,
https://www.tiktok.com/@overtime/video/7607598036016991502,
https://www.tiktok.com/@typeshi.w/video/7607344891760332054,
https://www.tiktok.com/@oscarthomas53/video/7577043069116140831,
https://www.tiktok.com/@aidanstanik.ai/video/7607232118044871967,
https://www.tiktok.com/@softpixel.ai/video/7524063972241198358,
https://www.tiktok.com/@ai.kwon2/video/7596507537558474002,
https://www.tiktok.com/@jv16889/video/7596483725634882847,
https://www.tiktok.com/@3thefighting3/video/7605872363795795221,
https://www.tiktok.com/@boogiebug0/video/7607266154947661086,
https://www.tiktok.com/@ai_il_art/video/7598911663470808342,
https://www.tiktok.com/@ai.fantasy.0/video/7607556754372660488,
https://www.tiktok.com/@dreaming__ai/video/7605989354195979521,
https://www.tiktok.com/@dreaming__ai/video/7605988740313500945,
https://www.tiktok.com/@koreansexygirl/video/7570267593500544274,
https://www.tiktok.com/@dean.johnsonn/video/7588283067639467278,
https://www.tiktok.com/@pokko42/video/7606795690034859294,
https://www.tiktok.com/@erinperaltaa/video/7595782160649407775,
https://www.tiktok.com/@user86700067544400/video/7576594982241438989,
https://www.tiktok.com/@doris45670_/video/7607933032019889430,
https://www.tiktok.com/@mrishaq02/video/7577076544695176455,
https://www.tiktok.com/@baby_ariella4/video/7598849295378435341,
https://www.tiktok.com/@_emmathedilemma27/video/7607928266481077518,
https://www.tiktok.com/@aimonkey082/video/7606368886031699203,
https://www.tiktok.com/@callursister_/video/7602278524866579726,
https://www.tiktok.com/@smartbankingai/video/7583779693246123278,
https://www.tiktok.com/@jaouad207/video/7557898452911361302,
https://www.tiktok.com/@theonlyari04/video/7607857872361344286,
https://www.tiktok.com/@solon6546/video/7602603469442125070,
https://www.tiktok.com/@adriano.explores/video/7607089371845577987,
https://www.tiktok.com/@omnisek/video/7186417694097313066,
https://www.tiktok.com/@enhancethatai/video/7513318942086106399,
https://www.tiktok.com/@zenthepoet/video/7564515397077175566,
https://www.tiktok.com/@quasihuman/video/7607554714732940565,
https://www.tiktok.com/@kreadul/video/7586330922778119446,
https://www.tiktok.com/@hs.hayat2/video/7605282540353539350,
https://www.tiktok.com/@l.x5840/video/7606064392450460958,
https://www.tiktok.com/@aiiimages/video/7489548471750397192,
https://www.tiktok.com/@sora.ai.hub/video/7567479103960698115,
https://www.tiktok.com/@allnatural.ai/video/7598547695174765846,
https://www.tiktok.com/@aice.education/video/7606117270842068231,
https://www.tiktok.com/@miss.aiavatar/video/7606475161222745367,
https://www.tiktok.com/@tinylittleworld0/video/7585910194996055309,
https://www.tiktok.com/@thesatisfystation/video/7597223994227445014,
https://www.tiktok.com/@divaluxe.ng/video/7591124729382096150,
https://www.tiktok.com/@shadowg_grit7/video/7533479402626174238,
https://www.tiktok.com/@master.ai.commands/video/7507583789086870792,
https://www.tiktok.com/@amogussussy02/video/7607553139369151766,
https://www.tiktok.com/@innercalmdiaries/video/7604297491093245198,
https://www.tiktok.com/@bbl_dingaling/video/7577595650896923934,
https://www.tiktok.com/@longliveai/video/7606644782403783958,
https://www.tiktok.com/@ai.vivohub/video/7607140157233351958,
https://www.tiktok.com/@pixen.ai.studio/video/7603076889334271246,
https://www.tiktok.com/@trusteverythingyousee/video/7607906695737527574,
https://www.tiktok.com/@ai.robot923/video/7600804218185813261,
https://www.tiktok.com/@chimpanzee1980/video/7602213851844644118,
https://www.tiktok.com/@aicenturyclips/video/7593706568902888726,
https://www.tiktok.com/@faceless.inc.proj/video/7573731923273469206,
https://www.tiktok.com/@moonlightstudio03/video/7602469824781880583,
https://www.tiktok.com/@creador_de_videos_ia/video/7597942107193609480,
https://www.tiktok.com/@overtime/video/7604965443375254797,
https://www.tiktok.com/@aiwiththeus/video/7607566097784524063,
https://www.tiktok.com/@aiofficialtiktok/video/7608128705403145493,
https://www.tiktok.com/@cbseveningnews/video/7607669821760687374,
https://www.tiktok.com/@pokko42/video/7607990207190682911,
https://www.tiktok.com/@kreadul/video/7607788773383965974,
https://www.tiktok.com/@chocolateskr/video/7606403121480240391,
https://www.tiktok.com/@trusteverythingyousee/video/7607576230648450326,
https://www.tiktok.com/@asmmr.ai6/video/7583285224486784276,
https://www.tiktok.com/@aprendeiadecero/video/7607850961276620062,
https://www.tiktok.com/@iamsammieai/video/7607548935531433238,
https://www.tiktok.com/@ai_blackbarbie/video/7519529182863314231,
https://www.tiktok.com/@stendoex/video/7605331931437288734,
https://www.tiktok.com/@typeshi.w/video/7607607849606335766,
https://www.tiktok.com/@cyrasaumg3/video/7603846180556082453,
https://www.tiktok.com/@tutnomad/video/7358251769576672554,
https://www.tiktok.com/@suthernphryd/video/7606477636545580318,
https://www.tiktok.com/@yahoosports/video/7608735853967461646,
https://www.tiktok.com/@jimmydean792/video/7557860497844964639,
https://www.tiktok.com/@boogiebug0/video/7608739476470271263,
https://www.tiktok.com/@elinaa1116/video/6894950086690802945,
https://www.tiktok.com/@aimalkhanchd/video/7468144067956722965,
https://www.tiktok.com/@thefootballnarrator1/video/7591863872345148694,
https://www.tiktok.com/@arveydaily/video/7607838856280411399,
https://www.tiktok.com/@o_nion_studio/video/7595109894223711510,
https://www.tiktok.com/@kittylozp/video/7444771402521021739,
https://www.tiktok.com/@xlikeforlike/video/7588243203351072008,
https://www.tiktok.com/@kazuma4576/video/7509864650813541637,
https://www.tiktok.com/@lifewowss/video/7603903557598776598,
https://www.tiktok.com/@topstarsgoo/video/7607097281967312149,
https://www.tiktok.com/@ai_coverdance/video/7581279919959837968,
https://www.tiktok.com/@kreadul/video/7580024208864939286,
https://www.tiktok.com/@missdong775/video/7607019783942327565,
https://www.tiktok.com/@joeybvcd/video/7577195701533232397,
https://www.tiktok.com/@d.a.n.n.y_06/video/7607169524521028895,
https://www.tiktok.com/@bimboruby1/video/7562668818963762463,
https://www.tiktok.com/@perfectly.unreal.ai/video/7458718336898108702,
https://www.tiktok.com/@creative.coloring_ai/video/7585253834960751892,
https://www.tiktok.com/@kingsling99/video/7596394811435912479,
https://www.tiktok.com/@joshaicreation/video/7584088322625113367,
https://www.tiktok.com/@iamsammieai/video/7600366821660724503,
https://www.tiktok.com/@gfedgocrazy/video/7285427489080446238,
https://www.tiktok.com/@scarlettebellav/video/7565000887123348791,
https://www.tiktok.com/@bb_azur/video/7596400489474952470,
https://www.tiktok.com/@editcapcut__models/video/7603461619280022805,
https://www.tiktok.com/@emilyheeter/video/7601768046629276983,
https://www.tiktok.com/@pgatour/video/7608743245304106253,
https://www.tiktok.com/@manriquezfamilyfunclips/video/7608258098758831374,
https://www.tiktok.com/@jayeedwards/video/7602027583185767694,
https://www.tiktok.com/@aidanstanik.ai/video/7607940876375002398,
https://www.tiktok.com/@zoespark5/video/7590789375168924941,
https://www.tiktok.com/@jutggtjmu22/video/7603458302244064530,
https://www.tiktok.com/@everythingyouneed369/video/7599102706262773014,
https://www.tiktok.com/@funniest.everyday/video/7598450934322072854,
https://www.tiktok.com/@crunchandcalm1/video/7607245607278857485,
https://www.tiktok.com/@lemon.sour772/video/7537710024810843448,
https://www.tiktok.com/@meow.meow.ai.art/video/7599397976221551903,
https://www.tiktok.com/@graceofmature/video/7571076911514864897,
https://www.tiktok.com/@fine.shyt952/video/7607893901541739797,
https://www.tiktok.com/@kadinimaga/video/7179067864836541702,
https://www.tiktok.com/@ai.robot20/video/7585854214971215117,
https://www.tiktok.com/@yikesproduction/video/7607983823980203294,
https://www.tiktok.com/@thinking.ai.jp/video/7571036878921829640,
https://www.tiktok.com/@his.zithe/video/7563882474556722463,
https://www.tiktok.com/@ai.vivohub/video/7607512773353934102,
https://www.tiktok.com/@faceplay_app/video/7595130772609142036,
https://www.tiktok.com/@raytaiwan1/video/7542412592321514757,
https://www.tiktok.com/@beamnggame1/video/7608259037309701407,
https://www.tiktok.com/@c_cat_trash/video/7516203917521210632,
https://www.tiktok.com/@officialbigfoot_tv/video/7535472100568616222,
https://www.tiktok.com/@josephairson/video/7477560935943523606,
https://www.tiktok.com/@change_ain/video/7604538271653203202,
https://www.tiktok.com/@aliyah.ai8/video/7514041722188352798,
https://www.tiktok.com/@usa.funny.clips0/video/7608741105793895711,
https://www.tiktok.com/@arleth_isi/video/7356235122141596970,
https://www.tiktok.com/@babyeats.ai/video/7536398254725025054,
https://www.tiktok.com/@chocolateskr/video/7607918133000539410,
https://www.tiktok.com/@mems.funny.all/video/7608743656316472607,
https://www.tiktok.com/@art.studio.lab/video/7579246797302992146,
https://www.tiktok.com/@music.is.lifeeee11/video/7173579560158530822,
https://www.tiktok.com/@cosmos_ai4106/video/7605129057805634823,
https://www.tiktok.com/@kiwamimipompom/video/7473201993692073259,
https://www.tiktok.com/@aimagicalvideo999/video/7607318800362442006,
https://www.tiktok.com/@bertha_butterfly/video/7608433549137415437,
https://www.tiktok.com/@amineo_ai/video/7606804944158559495,
https://www.tiktok.com/@v1b318/video/7592467586470694158,
https://www.tiktok.com/@deejnla/video/7181176124855143722,
https://www.tiktok.com/@marchtrends/video/7608282097442163980,
https://www.tiktok.com/@egotthatwork91/video/7589040432898657550,
https://www.tiktok.com/@iuuayayay61/video/7559033686981627158,
https://www.tiktok.com/@lxxxxxx01/video/7605349686832106765,
https://www.tiktok.com/@overtime/video/7578648664827120951,
https://www.tiktok.com/@areyoufuckingstupid0/video/7592795534394412309,
https://www.tiktok.com/@handmstudios/video/7603210524309916945,
https://www.tiktok.com/@thatssweetai/video/7551951875088715022,
https://www.tiktok.com/@futurnationnews/video/7280893126712020256,
https://www.tiktok.com/@theonlyari04/video/7607856854739324190,
https://www.tiktok.com/@aihub_fun/video/7594253162077359381,
https://www.tiktok.com/@veo3_allai/video/7607184594797923591,
https://www.tiktok.com/@_magicai/video/7542393876473072918,
https://www.tiktok.com/@shoib.edits/video/7599146026066545922,
https://www.tiktok.com/@waltermortreal/video/7607155923810831636,
https://www.tiktok.com/@ai_spectru/video/7608402815681056013,
https://www.tiktok.com/@caice.eissa/video/7508614960365210911,
https://www.tiktok.com/@moonlightstudio03/video/7595140395282025736,
https://www.tiktok.com/@dreamworkstudio.ai/video/7566753272363584775,
https://www.tiktok.com/@ai_is_dangerous01/video/7525126334016752927,
https://www.tiktok.com/@muxarts/video/7546764702156737810,
https://www.tiktok.com/@amen000601/video/7569529707364961566,
https://www.tiktok.com/@stevencreatesai/video/7608824233229126926,
https://www.tiktok.com/@aiiimages/video/7484643174565088519,
https://www.tiktok.com/@takaraluck344/video/7586850059568893214,
https://www.tiktok.com/@morganozia/video/7497400247996386615,
https://www.tiktok.com/@broda_2much/video/7599998074286607638,
https://www.tiktok.com/@user670983426598/video/7592552220340620574,
https://www.tiktok.com/@aa267912/video/7576879890620812562,
https://www.tiktok.com/@jajaitsai/video/7608658705428663565,
https://www.tiktok.com/@jaida8449/video/7527481219588623671,
https://www.tiktok.com/@emilyissocial/video/7607624236345134366,
https://www.tiktok.com/@misterai55/video/7580773511208422678,
https://www.tiktok.com/@showtoolsai/video/7603174758460525855,
https://www.tiktok.com/@aiofficialtiktok/video/7608870839726951700,
https://www.tiktok.com/@the.fear.fix/video/7532234166587428127,
https://www.tiktok.com/@chineseyaoilover/video/7540164472246144277,
https://www.tiktok.com/@rayaloren/video/7601233987310325005,
https://www.tiktok.com/@his.chromosome/video/7524199954307435790,
https://www.tiktok.com/@q1944667033/video/7447369340002880799,
https://www.tiktok.com/@foodfunasmrbyi/video/7563001731886353695,
https://www.tiktok.com/@jiojio9110/video/7607064004267101470,
https://www.tiktok.com/@aiadventuree/video/7515620904806747422,
https://www.tiktok.com/@kazakh_es/video/7602382636601871638,
https://www.tiktok.com/@animalai93/video/7607433935198506254,
https://www.tiktok.com/@ai.asmrcanvas/video/7542339549867937054,
https://www.tiktok.com/@health.tv10/video/7558141018349096206,
https://www.tiktok.com/@sandy.le15/video/7603159766482930965,
https://www.tiktok.com/@adastorycraft/video/7608962953341193486,
https://www.tiktok.com/@nappa_ai_lab/video/7517082104555998482,
https://www.tiktok.com/@ukiukisampo/video/7422219415439297810,
https://www.tiktok.com/@itsmekryzler/video/7601698845608758549,
https://www.tiktok.com/@only.side20xx/video/7596902986673114375,
https://www.tiktok.com/@aiguess6/video/7609201930115484942,
https://www.tiktok.com/@dailylabs.fr/video/7604935533696945431,
https://www.tiktok.com/@findsallday.store/video/7577406928712699191,
https://www.tiktok.com/@tweakybear20/video/7608747945307000095,
https://www.tiktok.com/@relaxnowasmr4/video/7609008607220337942,
https://www.tiktok.com/@aibizarrely/video/7609221938296278302,
https://www.tiktok.com/@chocolateskr/video/7603759496426474759,
https://www.tiktok.com/@hernametyla/video/7351385677029723398,
https://www.tiktok.com/@improve.english.a4/video/7609360438333164813,
https://www.tiktok.com/@kreadul/video/7608966410991193366,
